UPDATE persons SET birth_date_text='1272 AH / 1856 CE', death_date_text='1306 SH / 1927 CE', summary='Oxford-educated Qajar statesman, prime minister, foreign minister, and regent for Ahmad Shah.', updated_at='2026-07-11T17:02:02.094121+00:00' WHERE person_id='P0040';

UPDATE persons SET summary='Son of Mahmoud Khan Naser al-Molk; father of Abu al-Qasem Khan Naser al-Molk.', updated_at='2026-07-11T17:02:02.094121+00:00' WHERE person_id='P0030';

UPDATE persons SET summary='Mirza Mahmud Khan Naser al-Molk Gharagozloo; grandfather and predecessor of Abu al-Qasem Khan Naser al-Molk.', updated_at='2026-07-11T17:02:02.094121+00:00' WHERE person_id='P0014';

INSERT INTO persons(person_id,preferred_name_en,preferred_name_fa,sex,birth_date_text,death_date_text,branch,summary,verification_status,created_at,updated_at)
VALUES('P0041','Hossein Ali Gharagozloo','حسینعلی قراگوزلو','U',NULL,NULL,NULL,'Son of Naser al-Molk; associated with Othello translation preface; married Iran Khanom, daughter of Teymurtash','confirmed','2026-07-11T17:02:02.094121+00:00','2026-07-11T17:02:02.094121+00:00');

INSERT OR IGNORE INTO person_names(person_id,name_text,language,name_type,is_preferred) VALUES('P0041','Hossein Ali Gharagozloo','en','preferred',1);

INSERT OR IGNORE INTO person_names(person_id,name_text,language,name_type,is_preferred) VALUES('P0041','حسینعلی قراگوزلو','fa','preferred',1);

INSERT INTO persons(person_id,preferred_name_en,preferred_name_fa,sex,birth_date_text,death_date_text,branch,summary,verification_status,created_at,updated_at)
VALUES('P0042','Mohsen Gharagozloo','محسن قراگوزلو','U',NULL,NULL,NULL,'Son of Naser al-Molk; criticized in later memoir literature for dissipation','confirmed','2026-07-11T17:02:02.094121+00:00','2026-07-11T17:02:02.094121+00:00');

INSERT OR IGNORE INTO person_names(person_id,name_text,language,name_type,is_preferred) VALUES('P0042','Mohsen Gharagozloo','en','preferred',1);

INSERT OR IGNORE INTO person_names(person_id,name_text,language,name_type,is_preferred) VALUES('P0042','محسن قراگوزلو','fa','preferred',1);

INSERT INTO persons(person_id,preferred_name_en,preferred_name_fa,sex,birth_date_text,death_date_text,branch,summary,verification_status,created_at,updated_at)
VALUES('P0043','Unnamed daughter of Naser al-Molk','دختر ناصرالملک','U',NULL,NULL,NULL,'Chapter states Naser al-Molk had two sons and one daughter','confirmed','2026-07-11T17:02:02.094121+00:00','2026-07-11T17:02:02.094121+00:00');

INSERT OR IGNORE INTO person_names(person_id,name_text,language,name_type,is_preferred) VALUES('P0043','Unnamed daughter of Naser al-Molk','en','preferred',1);

INSERT OR IGNORE INTO person_names(person_id,name_text,language,name_type,is_preferred) VALUES('P0043','دختر ناصرالملک','fa','preferred',1);

INSERT INTO persons(person_id,preferred_name_en,preferred_name_fa,sex,birth_date_text,death_date_text,branch,summary,verification_status,created_at,updated_at)
VALUES('P0044','Mirza Mehdi Khan Monshi-Bashi','میرزا مهدی خان منشی‌باشی','U',NULL,NULL,NULL,'Father-in-law and chief overseer of Naser al-Molk estates','confirmed','2026-07-11T17:02:02.094121+00:00','2026-07-11T17:02:02.094121+00:00');

INSERT OR IGNORE INTO person_names(person_id,name_text,language,name_type,is_preferred) VALUES('P0044','Mirza Mehdi Khan Monshi-Bashi','en','preferred',1);

INSERT OR IGNORE INTO person_names(person_id,name_text,language,name_type,is_preferred) VALUES('P0044','میرزا مهدی خان منشی‌باشی','fa','preferred',1);

INSERT INTO persons(person_id,preferred_name_en,preferred_name_fa,sex,birth_date_text,death_date_text,branch,summary,verification_status,created_at,updated_at)
VALUES('P0045','Mirza Mohammad Khan Mostowfi','میرزا محمدخان مستوفی','U',NULL,NULL,NULL,'Estate manager','confirmed','2026-07-11T17:02:02.094121+00:00','2026-07-11T17:02:02.094121+00:00');

INSERT OR IGNORE INTO person_names(person_id,name_text,language,name_type,is_preferred) VALUES('P0045','Mirza Mohammad Khan Mostowfi','en','preferred',1);

INSERT OR IGNORE INTO person_names(person_id,name_text,language,name_type,is_preferred) VALUES('P0045','میرزا محمدخان مستوفی','fa','preferred',1);

INSERT INTO persons(person_id,preferred_name_en,preferred_name_fa,sex,birth_date_text,death_date_text,branch,summary,verification_status,created_at,updated_at)
VALUES('P0046','Mirza Mahmud Khan','میرزا محمودخان','U',NULL,NULL,NULL,'Son of Mirza Mohammad Khan; estate manager','confirmed','2026-07-11T17:02:02.094121+00:00','2026-07-11T17:02:02.094121+00:00');

INSERT OR IGNORE INTO person_names(person_id,name_text,language,name_type,is_preferred) VALUES('P0046','Mirza Mahmud Khan','en','preferred',1);

INSERT OR IGNORE INTO person_names(person_id,name_text,language,name_type,is_preferred) VALUES('P0046','میرزا محمودخان','fa','preferred',1);

INSERT INTO persons(person_id,preferred_name_en,preferred_name_fa,sex,birth_date_text,death_date_text,branch,summary,verification_status,created_at,updated_at)
VALUES('P0047','Mohammad Ali Shah Qajar','محمدعلی شاه قاجار','U',NULL,NULL,NULL,'Appointed Naser al-Molk prime minister; later ordered his arrest/possible execution','confirmed','2026-07-11T17:02:02.094121+00:00','2026-07-11T17:02:02.094121+00:00');

INSERT OR IGNORE INTO person_names(person_id,name_text,language,name_type,is_preferred) VALUES('P0047','Mohammad Ali Shah Qajar','en','preferred',1);

INSERT OR IGNORE INTO person_names(person_id,name_text,language,name_type,is_preferred) VALUES('P0047','محمدعلی شاه قاجار','fa','preferred',1);

INSERT INTO persons(person_id,preferred_name_en,preferred_name_fa,sex,birth_date_text,death_date_text,branch,summary,verification_status,created_at,updated_at)
VALUES('P0048','Ahmad Shah Qajar','احمدشاه قاجار','U',NULL,NULL,NULL,'Minor king during Naser al-Molk''s regency','confirmed','2026-07-11T17:02:02.094121+00:00','2026-07-11T17:02:02.094121+00:00');

INSERT OR IGNORE INTO person_names(person_id,name_text,language,name_type,is_preferred) VALUES('P0048','Ahmad Shah Qajar','en','preferred',1);

INSERT OR IGNORE INTO person_names(person_id,name_text,language,name_type,is_preferred) VALUES('P0048','احمدشاه قاجار','fa','preferred',1);

INSERT INTO persons(person_id,preferred_name_en,preferred_name_fa,sex,birth_date_text,death_date_text,branch,summary,verification_status,created_at,updated_at)
VALUES('P0049','Azod al-Molk','عضدالملک','U',NULL,NULL,NULL,'Predecessor as regent; died 17 Ramadan 1328 AH','confirmed','2026-07-11T17:02:02.094121+00:00','2026-07-11T17:02:02.094121+00:00');

INSERT OR IGNORE INTO person_names(person_id,name_text,language,name_type,is_preferred) VALUES('P0049','Azod al-Molk','en','preferred',1);

INSERT OR IGNORE INTO person_names(person_id,name_text,language,name_type,is_preferred) VALUES('P0049','عضدالملک','fa','preferred',1);

INSERT INTO persons(person_id,preferred_name_en,preferred_name_fa,sex,birth_date_text,death_date_text,branch,summary,verification_status,created_at,updated_at)
VALUES('P0050','Yeprem Khan','یپرم خان','U',NULL,NULL,NULL,'Closed the Second Majles on Naser al-Molk''s order','confirmed','2026-07-11T17:02:02.094121+00:00','2026-07-11T17:02:02.094121+00:00');

INSERT OR IGNORE INTO person_names(person_id,name_text,language,name_type,is_preferred) VALUES('P0050','Yeprem Khan','en','preferred',1);

INSERT OR IGNORE INTO person_names(person_id,name_text,language,name_type,is_preferred) VALUES('P0050','یپرم خان','fa','preferred',1);

INSERT INTO persons(person_id,preferred_name_en,preferred_name_fa,sex,birth_date_text,death_date_text,branch,summary,verification_status,created_at,updated_at)
VALUES('P0051','Morgan Shuster','مورگان شوستر','U',NULL,NULL,NULL,'American financial adviser dismissed after Russian ultimatum','confirmed','2026-07-11T17:02:02.094121+00:00','2026-07-11T17:02:02.094121+00:00');

INSERT OR IGNORE INTO person_names(person_id,name_text,language,name_type,is_preferred) VALUES('P0051','Morgan Shuster','en','preferred',1);

INSERT OR IGNORE INTO person_names(person_id,name_text,language,name_type,is_preferred) VALUES('P0051','مورگان شوستر','fa','preferred',1);

INSERT INTO persons(person_id,preferred_name_en,preferred_name_fa,sex,birth_date_text,death_date_text,branch,summary,verification_status,created_at,updated_at)
VALUES('P0052','Sheikh Mohammad Khiabani','شیخ محمد خیابانی','U',NULL,NULL,NULL,'Criticized closure of Second Majles','confirmed','2026-07-11T17:02:02.094121+00:00','2026-07-11T17:02:02.094121+00:00');

INSERT OR IGNORE INTO person_names(person_id,name_text,language,name_type,is_preferred) VALUES('P0052','Sheikh Mohammad Khiabani','en','preferred',1);

INSERT OR IGNORE INTO person_names(person_id,name_text,language,name_type,is_preferred) VALUES('P0052','شیخ محمد خیابانی','fa','preferred',1);

INSERT INTO persons(person_id,preferred_name_en,preferred_name_fa,sex,birth_date_text,death_date_text,branch,summary,verification_status,created_at,updated_at)
VALUES('P0053','Churchill, British legation official','چرچیل، نایب‌رئیس سفارت انگلیس','U',NULL,NULL,NULL,'Intervened to save Naser al-Molk from Mohammad Ali Shah','confirmed','2026-07-11T17:02:02.094121+00:00','2026-07-11T17:02:02.094121+00:00');

INSERT OR IGNORE INTO person_names(person_id,name_text,language,name_type,is_preferred) VALUES('P0053','Churchill, British legation official','en','preferred',1);

INSERT OR IGNORE INTO person_names(person_id,name_text,language,name_type,is_preferred) VALUES('P0053','چرچیل، نایب‌رئیس سفارت انگلیس','fa','preferred',1);

INSERT INTO persons(person_id,preferred_name_en,preferred_name_fa,sex,birth_date_text,death_date_text,branch,summary,verification_status,created_at,updated_at)
VALUES('P0054','Abdolhossein Khan Teymurtash','عبدالحسین خان تیمورتاش','U',NULL,NULL,NULL,'Father of Iran Khanom, wife of Hossein Ali Gharagozloo','confirmed','2026-07-11T17:02:02.094121+00:00','2026-07-11T17:02:02.094121+00:00');

INSERT OR IGNORE INTO person_names(person_id,name_text,language,name_type,is_preferred) VALUES('P0054','Abdolhossein Khan Teymurtash','en','preferred',1);

INSERT OR IGNORE INTO person_names(person_id,name_text,language,name_type,is_preferred) VALUES('P0054','عبدالحسین خان تیمورتاش','fa','preferred',1);

INSERT INTO persons(person_id,preferred_name_en,preferred_name_fa,sex,birth_date_text,death_date_text,branch,summary,verification_status,created_at,updated_at)
VALUES('P0055','Iran Khanom Teymurtash','ایران خانم تیمورتاش','U',NULL,NULL,NULL,'Married Hossein Ali Gharagozloo; later divorced','confirmed','2026-07-11T17:02:02.094121+00:00','2026-07-11T17:02:02.094121+00:00');

INSERT OR IGNORE INTO person_names(person_id,name_text,language,name_type,is_preferred) VALUES('P0055','Iran Khanom Teymurtash','en','preferred',1);

INSERT OR IGNORE INTO person_names(person_id,name_text,language,name_type,is_preferred) VALUES('P0055','ایران خانم تیمورتاش','fa','preferred',1);

INSERT INTO persons(person_id,preferred_name_en,preferred_name_fa,sex,branch,summary,verification_status,created_at,updated_at)
VALUES('P0056','Mehdi-Qoli Khan Mokhber al-Saltaneh',NULL,'U',NULL,'Member of Naser al-Molk cabinet: Minister of Justice','confirmed','2026-07-11T17:02:02.094121+00:00','2026-07-11T17:02:02.094121+00:00');

INSERT OR IGNORE INTO person_names(person_id,name_text,language,name_type,is_preferred) VALUES('P0056','Mehdi-Qoli Khan Mokhber al-Saltaneh','en','preferred',1);

INSERT INTO persons(person_id,preferred_name_en,preferred_name_fa,sex,branch,summary,verification_status,created_at,updated_at)
VALUES('P0057','Mirza Hasan Khan Moshir al-Dowleh',NULL,'U',NULL,'Member of Naser al-Molk cabinet: Minister of Foreign Affairs','confirmed','2026-07-11T17:02:02.094121+00:00','2026-07-11T17:02:02.094121+00:00');

INSERT OR IGNORE INTO person_names(person_id,name_text,language,name_type,is_preferred) VALUES('P0057','Mirza Hasan Khan Moshir al-Dowleh','en','preferred',1);

INSERT INTO persons(person_id,preferred_name_en,preferred_name_fa,sex,branch,summary,verification_status,created_at,updated_at)
VALUES('P0058','Mirza Gholamreza Khan Asef al-Dowleh',NULL,'U',NULL,'Member of Naser al-Molk cabinet: Minister of Interior','confirmed','2026-07-11T17:02:02.094121+00:00','2026-07-11T17:02:02.094121+00:00');

INSERT OR IGNORE INTO person_names(person_id,name_text,language,name_type,is_preferred) VALUES('P0058','Mirza Gholamreza Khan Asef al-Dowleh','en','preferred',1);

INSERT INTO persons(person_id,preferred_name_en,preferred_name_fa,sex,branch,summary,verification_status,created_at,updated_at)
VALUES('P0059','Mostowfi al-Mamalek',NULL,'U',NULL,'Member of Naser al-Molk cabinet: Minister of War','confirmed','2026-07-11T17:02:02.094121+00:00','2026-07-11T17:02:02.094121+00:00');

INSERT OR IGNORE INTO person_names(person_id,name_text,language,name_type,is_preferred) VALUES('P0059','Mostowfi al-Mamalek','en','preferred',1);

INSERT INTO persons(person_id,preferred_name_en,preferred_name_fa,sex,branch,summary,verification_status,created_at,updated_at)
VALUES('P0060','Mirza Morteza-Qoli Khan Sani al-Dowleh',NULL,'U',NULL,'Member of Naser al-Molk cabinet: Minister of Education and Public Works','confirmed','2026-07-11T17:02:02.094121+00:00','2026-07-11T17:02:02.094121+00:00');

INSERT OR IGNORE INTO person_names(person_id,name_text,language,name_type,is_preferred) VALUES('P0060','Mirza Morteza-Qoli Khan Sani al-Dowleh','en','preferred',1);

INSERT INTO persons(person_id,preferred_name_en,preferred_name_fa,sex,branch,summary,verification_status,created_at,updated_at)
VALUES('P0061','Mirza Hossein Khan Motamen al-Molk',NULL,'U',NULL,'Member of Naser al-Molk cabinet: Minister of Commerce','confirmed','2026-07-11T17:02:02.094121+00:00','2026-07-11T17:02:02.094121+00:00');

INSERT OR IGNORE INTO person_names(person_id,name_text,language,name_type,is_preferred) VALUES('P0061','Mirza Hossein Khan Motamen al-Molk','en','preferred',1);

INSERT OR IGNORE INTO places(place_id,preferred_name_en,preferred_name_fa,place_type) VALUES('L0022','Tehran','تهران','city');

INSERT OR IGNORE INTO places(place_id,preferred_name_en,preferred_name_fa,place_type) VALUES('L0023','Oxford','آکسفورد','city');

INSERT OR IGNORE INTO places(place_id,preferred_name_en,preferred_name_fa,place_type) VALUES('L0024','Europe','اروپا','region');

INSERT OR IGNORE INTO places(place_id,preferred_name_en,preferred_name_fa,place_type) VALUES('L0025','Istanbul','استانبول','city');

INSERT OR IGNORE INTO places(place_id,preferred_name_en,preferred_name_fa,place_type) VALUES('L0026','Paris','پاریس','city');

INSERT OR IGNORE INTO places(place_id,preferred_name_en,preferred_name_fa,place_type) VALUES('L0027','Iran','ایران','country');

INSERT OR IGNORE INTO places(place_id,preferred_name_en,preferred_name_fa,place_type) VALUES('L0028','Baharestan','بهارستان','district');

INSERT OR IGNORE INTO places(place_id,preferred_name_en,preferred_name_fa,place_type) VALUES('L0029','Ouchy','اوشی','locality');

INSERT OR IGNORE INTO titles(title_id,title_en,title_fa,meaning_notes) VALUES('T0024','Moshir-e Hozur','مشیر حضور',NULL);

INSERT OR IGNORE INTO person_titles(person_id,title_id,date_text,notes) VALUES('P0040','T0016','1305 AH','Inherited from grandfather.');

INSERT OR IGNORE INTO person_titles(person_id,title_id,date_text,notes) VALUES('P0040','T0024','1302 AH','Granted at grandfather''s request.');

INSERT INTO citations(citation_id,source_id,page_printed,page_file,locator_text,notes) VALUES('X0035','S0001','167',NULL,'Chapter 4, printed page 167','Chapter 4 mining package');

INSERT INTO citations(citation_id,source_id,page_printed,page_file,locator_text,notes) VALUES('X0036','S0001','168',NULL,'Chapter 4, printed page 168','Chapter 4 mining package');

INSERT INTO citations(citation_id,source_id,page_printed,page_file,locator_text,notes) VALUES('X0037','S0001','169',NULL,'Chapter 4, printed page 169','Chapter 4 mining package');

INSERT INTO citations(citation_id,source_id,page_printed,page_file,locator_text,notes) VALUES('X0038','S0001','170',NULL,'Chapter 4, printed page 170','Chapter 4 mining package');

INSERT INTO citations(citation_id,source_id,page_printed,page_file,locator_text,notes) VALUES('X0039','S0001','171',NULL,'Chapter 4, printed page 171','Chapter 4 mining package');

INSERT INTO citations(citation_id,source_id,page_printed,page_file,locator_text,notes) VALUES('X0040','S0001','172',NULL,'Chapter 4, printed page 172','Chapter 4 mining package');

INSERT INTO citations(citation_id,source_id,page_printed,page_file,locator_text,notes) VALUES('X0041','S0001','173',NULL,'Chapter 4, printed page 173','Chapter 4 mining package');

INSERT INTO citations(citation_id,source_id,page_printed,page_file,locator_text,notes) VALUES('X0042','S0001','174',NULL,'Chapter 4, printed page 174','Chapter 4 mining package');

INSERT INTO citations(citation_id,source_id,page_printed,page_file,locator_text,notes) VALUES('X0043','S0001','175',NULL,'Chapter 4, printed page 175','Chapter 4 mining package');

INSERT INTO citations(citation_id,source_id,page_printed,page_file,locator_text,notes) VALUES('X0044','S0001','176',NULL,'Chapter 4, printed page 176','Chapter 4 mining package');

INSERT INTO citations(citation_id,source_id,page_printed,page_file,locator_text,notes) VALUES('X0045','S0001','177',NULL,'Chapter 4, printed page 177','Chapter 4 mining package');

INSERT INTO citations(citation_id,source_id,page_printed,page_file,locator_text,notes) VALUES('X0046','S0001','178',NULL,'Chapter 4, printed page 178','Chapter 4 mining package');

INSERT INTO citations(citation_id,source_id,page_printed,page_file,locator_text,notes) VALUES('X0047','S0001','179',NULL,'Chapter 4, printed page 179','Chapter 4 mining package');

INSERT INTO citations(citation_id,source_id,page_printed,page_file,locator_text,notes) VALUES('X0048','S0001','180',NULL,'Chapter 4, printed page 180','Chapter 4 mining package');

INSERT INTO citations(citation_id,source_id,page_printed,page_file,locator_text,notes) VALUES('X0049','S0001','181',NULL,'Chapter 4, printed page 181','Chapter 4 mining package');

INSERT INTO citations(citation_id,source_id,page_printed,page_file,locator_text,notes) VALUES('X0050','S0001','182',NULL,'Chapter 4, printed page 182','Chapter 4 mining package');

INSERT INTO citations(citation_id,source_id,page_printed,page_file,locator_text,notes) VALUES('X0051','S0001','183',NULL,'Chapter 4, printed page 183','Chapter 4 mining package');

INSERT INTO citations(citation_id,source_id,page_printed,page_file,locator_text,notes) VALUES('X0052','S0001','184',NULL,'Chapter 4, printed page 184','Chapter 4 mining package');

INSERT INTO citations(citation_id,source_id,page_printed,page_file,locator_text,notes) VALUES('X0053','S0001','185',NULL,'Chapter 4, printed page 185','Chapter 4 mining package');

INSERT INTO citations(citation_id,source_id,page_printed,page_file,locator_text,notes) VALUES('X0054','S0001','186',NULL,'Chapter 4, printed page 186','Chapter 4 mining package');

INSERT INTO events(event_id,event_type,title,date_text,place_id,description,verification_status)
VALUES('E0027','chapter4_event','Birth of Naser al-Molk','1272-11-14 AH','L0022','Born to Ahmad Khan Sartip; grandson of Mirza Mahmud Khan','confirmed');

INSERT OR IGNORE INTO event_persons(event_id,person_id,role) VALUES('E0027','P0040','principal subject');

INSERT INTO events(event_id,event_type,title,date_text,place_id,description,verification_status)
VALUES('E0028','chapter4_event','Oxford education','1295 AH onward','L0023','Studied political science and mastered English and French','confirmed');

INSERT OR IGNORE INTO event_persons(event_id,person_id,role) VALUES('E0028','P0040','principal subject');

INSERT INTO events(event_id,event_type,title,date_text,place_id,description,verification_status)
VALUES('E0029','chapter4_event','First audience with Naser al-Din Shah','14 Jumada I, year not explicit','L0022','Introduced through Amin al-Dowleh and grandfather','confirmed');

INSERT OR IGNORE INTO event_persons(event_id,person_id,role) VALUES('E0029','P0040','principal subject');

INSERT INTO events(event_id,event_type,title,date_text,place_id,description,verification_status)
VALUES('E0030','chapter4_event','Granted title Moshir-e Hozur','1302 AH','L0022','Granted at grandfather''s request','confirmed');

INSERT OR IGNORE INTO event_persons(event_id,person_id,role) VALUES('E0030','P0040','principal subject');

INSERT INTO events(event_id,event_type,title,date_text,place_id,description,verification_status)
VALUES('E0031','chapter4_event','Appointed head of Khorasan forces','1303 AH',NULL,'Military-administrative appointment','confirmed');

INSERT OR IGNORE INTO event_persons(event_id,person_id,role) VALUES('E0031','P0040','principal subject');

INSERT INTO events(event_id,event_type,title,date_text,place_id,description,verification_status)
VALUES('E0032','chapter4_event','Appointed royal aide-de-camp','1304 AH','L0022','Aide-de-camp to Naser al-Din Shah','confirmed');

INSERT OR IGNORE INTO event_persons(event_id,person_id,role) VALUES('E0032','P0040','principal subject');

INSERT INTO events(event_id,event_type,title,date_text,place_id,description,verification_status)
VALUES('E0033','chapter4_event','Inherited Naser al-Molk title and Hamadan governorship','8 Rabi II 1305 AH','L0001','Succeeded grandfather; received royal decoration and portrait','confirmed');

INSERT OR IGNORE INTO event_persons(event_id,person_id,role) VALUES('E0033','P0040','principal subject');

INSERT INTO events(event_id,event_type,title,date_text,place_id,description,verification_status)
VALUES('E0034','chapter4_event','Third royal European journey','1306-1307 AH','L0024','Accompanied Naser al-Din Shah and translated foreign material','confirmed');

INSERT OR IGNORE INTO event_persons(event_id,person_id,role) VALUES('E0034','P0040','principal subject');

INSERT INTO events(event_id,event_type,title,date_text,place_id,description,verification_status)
VALUES('E0035','chapter4_event','Ottoman and Paris financial mission','1312 AH','L0025','Mission related to financial consequences of the Tobacco Concession','confirmed');

INSERT OR IGNORE INTO event_persons(event_id,person_id,role) VALUES('E0035','P0040','principal subject');

INSERT INTO events(event_id,event_type,title,date_text,place_id,description,verification_status)
VALUES('E0036','chapter4_event','Extraordinary embassy announcing Mozaffar al-Din Shah','Qajar succession',NULL,'Sultan Abdolhamid II gave ceremonial sword for the shah','confirmed');

INSERT OR IGNORE INTO event_persons(event_id,person_id,role) VALUES('E0036','P0040','principal subject');

INSERT INTO events(event_id,event_type,title,date_text,place_id,description,verification_status)
VALUES('E0037','chapter4_event','Appointed head of royal arsenal','1314 AH','L0022','Delegated daily management to Hossein-Qoli Khan Zia al-Molk','confirmed');

INSERT OR IGNORE INTO event_persons(event_id,person_id,role) VALUES('E0037','P0040','principal subject');

INSERT INTO events(event_id,event_type,title,date_text,place_id,description,verification_status)
VALUES('E0038','chapter4_event','Appointed Minister of Finance','1314 AH','L0022','Served in Amin al-Dowleh cabinet','confirmed');

INSERT OR IGNORE INTO event_persons(event_id,person_id,role) VALUES('E0038','P0040','principal subject');

INSERT INTO events(event_id,event_type,title,date_text,place_id,description,verification_status)
VALUES('E0039','chapter4_event','Removed after Amin al-Dowleh''s fall','16 Safar 1316 AH','L0022','Lost finance portfolio','confirmed');

INSERT OR IGNORE INTO event_persons(event_id,person_id,role) VALUES('E0039','P0040','principal subject');

INSERT INTO events(event_id,event_type,title,date_text,place_id,description,verification_status)
VALUES('E0040','chapter4_event','Governor of Kurdistan','late Qajar period','L0016','Governorship enabled closer supervision of Hamadan estates','confirmed');

INSERT OR IGNORE INTO event_persons(event_id,person_id,role) VALUES('E0040','P0040','principal subject');

INSERT INTO events(event_id,event_type,title,date_text,place_id,description,verification_status)
VALUES('E0041','chapter4_event','Letter opposing immediate constitutionalism','pre-1906','L0027','Argued Iran lacked educated personnel for parliament and full equality','confirmed');

INSERT OR IGNORE INTO event_persons(event_id,person_id,role) VALUES('E0041','P0040','principal subject');

INSERT INTO events(event_id,event_type,title,date_text,place_id,description,verification_status)
VALUES('E0042','chapter4_event','Hamadan grain/bread crisis','1324 AH era','L0001','Large landlords accused of withholding grain; Naser al-Molk among named khans','confirmed');

INSERT OR IGNORE INTO event_persons(event_id,person_id,role) VALUES('E0042','P0040','principal subject');

INSERT INTO events(event_id,event_type,title,date_text,place_id,description,verification_status)
VALUES('E0043','chapter4_event','Nominated and appointed prime minister','1325 AH','L0022','Chosen by First Majles after fall of Mirza Ahmad Khan Moshir al-Saltaneh','confirmed');

INSERT OR IGNORE INTO event_persons(event_id,person_id,role) VALUES('E0043','P0040','principal subject');

INSERT INTO events(event_id,event_type,title,date_text,place_id,description,verification_status)
VALUES('E0044','chapter4_event','Presented ''family cabinet''','1325 AH','L0022','Cabinet members had extensive kinship links','confirmed');

INSERT OR IGNORE INTO event_persons(event_id,person_id,role) VALUES('E0044','P0040','principal subject');

INSERT INTO events(event_id,event_type,title,date_text,place_id,description,verification_status)
VALUES('E0045','chapter4_event','Royal oath to Constitution','1325 AH','L0022','Naser al-Molk arranged attendance and oath of shah and princes','confirmed');

INSERT OR IGNORE INTO event_persons(event_id,person_id,role) VALUES('E0045','P0040','principal subject');

INSERT INTO events(event_id,event_type,title,date_text,place_id,description,verification_status)
VALUES('E0046','chapter4_event','First parliamentary national budget reforms','1325 AH','L0022','Reduced royal, princely, and court budgets','confirmed');

INSERT OR IGNORE INTO event_persons(event_id,person_id,role) VALUES('E0046','P0040','principal subject');

INSERT INTO events(event_id,event_type,title,date_text,place_id,description,verification_status)
VALUES('E0047','chapter4_event','Resignation submitted during crisis','8 Dhu al-Qadah 1325 AH','L0022','Shah initially refused resignation','confirmed');

INSERT OR IGNORE INTO event_persons(event_id,person_id,role) VALUES('E0047','P0040','principal subject');

INSERT INTO events(event_id,event_type,title,date_text,place_id,description,verification_status)
VALUES('E0048','chapter4_event','Arrest and threatened execution','1325 AH','L0022','Mohammad Ali Shah ordered detention; British intervention saved him','confirmed');

INSERT OR IGNORE INTO event_persons(event_id,person_id,role) VALUES('E0048','P0040','principal subject');

INSERT INTO events(event_id,event_type,title,date_text,place_id,description,verification_status)
VALUES('E0049','chapter4_event','Departure to Europe','1325 AH','L0024','Exile/departure required by shah','confirmed');

INSERT OR IGNORE INTO event_persons(event_id,person_id,role) VALUES('E0049','P0040','principal subject');

INSERT INTO events(event_id,event_type,title,date_text,place_id,description,verification_status)
VALUES('E0050','chapter4_event','Refused later request to form cabinet','1327 AH','L0024','Mirza Javad Khan Sa''d al-Dowleh took charge instead','confirmed');

INSERT OR IGNORE INTO event_persons(event_id,person_id,role) VALUES('E0050','P0040','principal subject');

INSERT INTO events(event_id,event_type,title,date_text,place_id,description,verification_status)
VALUES('E0051','chapter4_event','Foreign minister in two Sepahdar cabinets','1327 AH','L0022','Served in first and second cabinets of Mohammad Vali Khan Sepahdar Tonekaboni','confirmed');

INSERT OR IGNORE INTO event_persons(event_id,person_id,role) VALUES('E0051','P0040','principal subject');

INSERT INTO events(event_id,event_type,title,date_text,place_id,description,verification_status)
VALUES('E0052','chapter4_event','Election as regent','18 Ramadan 1328 AH','L0022','Won 40 of 71 votes; rival was Mostowfi al-Mamalek','confirmed');

INSERT OR IGNORE INTO event_persons(event_id,person_id,role) VALUES('E0052','P0040','principal subject');

INSERT INTO events(event_id,event_type,title,date_text,place_id,description,verification_status)
VALUES('E0053','chapter4_event','Return to Tehran as regent','8 Safar 1329 AH','L0022','Returned via Russian territory','confirmed');

INSERT OR IGNORE INTO event_persons(event_id,person_id,role) VALUES('E0053','P0040','principal subject');

INSERT INTO events(event_id,event_type,title,date_text,place_id,description,verification_status)
VALUES('E0054','chapter4_event','Suppression of Mohammad Ali Shah restoration attempt','1329 AH period','L0027','Regency faced rebellion of ex-shah, Salar al-Dowleh, and Shoa al-Saltaneh','confirmed');

INSERT OR IGNORE INTO event_persons(event_id,person_id,role) VALUES('E0054','P0040','principal subject');

INSERT INTO events(event_id,event_type,title,date_text,place_id,description,verification_status)
VALUES('E0055','chapter4_event','Russian ultimatum and Shuster crisis','7 Dhu al-Hijjah 1329 AH','L0027','Russia demanded Shuster''s dismissal','confirmed');

INSERT OR IGNORE INTO event_persons(event_id,person_id,role) VALUES('E0055','P0040','principal subject');

INSERT INTO events(event_id,event_type,title,date_text,place_id,description,verification_status)
VALUES('E0056','chapter4_event','Closure of Second Majles','1329 AH','L0028','Yeprem Khan closed parliament on Naser al-Molk''s order','confirmed');

INSERT OR IGNORE INTO event_persons(event_id,person_id,role) VALUES('E0056','P0040','principal subject');

INSERT INTO events(event_id,event_type,title,date_text,place_id,description,verification_status)
VALUES('E0057','chapter4_event','Acceptance of ultimatum and dismissal of Shuster','1329 AH','L0027','Followed closure of parliament','confirmed');

INSERT OR IGNORE INTO event_persons(event_id,person_id,role) VALUES('E0057','P0040','principal subject');

INSERT INTO events(event_id,event_type,title,date_text,place_id,description,verification_status)
VALUES('E0058','chapter4_event','Long stay abroad while regent','Rajab 1330 AH onward','L0029','Continued receiving regency salary and estate income','confirmed');

INSERT OR IGNORE INTO event_persons(event_id,person_id,role) VALUES('E0058','P0040','principal subject');

INSERT INTO events(event_id,event_type,title,date_text,place_id,description,verification_status)
VALUES('E0059','chapter4_event','Enthronement of Ahmad Shah','27 Sha''ban 1332 AH / 1914 CE','L0022','Used birth date recorded on Quran to end minority and regency','confirmed');

INSERT OR IGNORE INTO event_persons(event_id,person_id,role) VALUES('E0059','P0040','principal subject');

INSERT INTO events(event_id,event_type,title,date_text,place_id,description,verification_status)
VALUES('E0060','chapter4_event','Return after fall of Qajar dynasty','Pahlavi era','L0027','Returned to Iran after Qajar deposition','confirmed');

INSERT OR IGNORE INTO event_persons(event_id,person_id,role) VALUES('E0060','P0040','principal subject');

INSERT INTO events(event_id,event_type,title,date_text,place_id,description,verification_status)
VALUES('E0061','chapter4_event','Death of Naser al-Molk','1306 SH / 1927 CE','L0022','Died in Tehran','confirmed');

INSERT OR IGNORE INTO event_persons(event_id,person_id,role) VALUES('E0061','P0040','principal subject');

INSERT INTO events(event_id,event_type,title,date_text,place_id,description,verification_status)
VALUES('E0062','chapter4_event','Divorce of Hossein Ali and Iran Khanom','Pahlavi era','L0027','Hossein Ali paid 10,000 tomans to divorce Teymurtash''s daughter','confirmed');

INSERT OR IGNORE INTO event_persons(event_id,person_id,role) VALUES('E0062','P0040','principal subject');

INSERT OR IGNORE INTO event_persons(event_id,person_id,role) VALUES('E0048','P0047','monarch/orderer');

INSERT OR IGNORE INTO event_persons(event_id,person_id,role) VALUES('E0048','P0053','diplomatic intervener');

INSERT OR IGNORE INTO event_persons(event_id,person_id,role) VALUES('E0052','P0059','rival candidate');

INSERT OR IGNORE INTO event_persons(event_id,person_id,role) VALUES('E0056','P0050','executed closure order');

INSERT OR IGNORE INTO event_persons(event_id,person_id,role) VALUES('E0055','P0051','financial adviser');

INSERT OR IGNORE INTO event_persons(event_id,person_id,role) VALUES('E0062','P0041','husband');

INSERT OR IGNORE INTO event_persons(event_id,person_id,role) VALUES('E0062','P0055','wife');

INSERT OR IGNORE INTO event_persons(event_id,person_id,role) VALUES('E0044','P0056','cabinet member');

INSERT OR IGNORE INTO event_persons(event_id,person_id,role) VALUES('E0044','P0057','cabinet member');

INSERT OR IGNORE INTO event_persons(event_id,person_id,role) VALUES('E0044','P0058','cabinet member');

INSERT OR IGNORE INTO event_persons(event_id,person_id,role) VALUES('E0044','P0059','cabinet member');

INSERT OR IGNORE INTO event_persons(event_id,person_id,role) VALUES('E0044','P0060','cabinet member');

INSERT OR IGNORE INTO event_persons(event_id,person_id,role) VALUES('E0044','P0061','cabinet member');

INSERT INTO relationships(relationship_id,person1_id,relationship_type,person2_id,notes,verification_status)
VALUES('R0027','P0030','parent_of','P0040','Chapter 4 pp. 167','confirmed');

INSERT INTO relationships(relationship_id,person1_id,relationship_type,person2_id,notes,verification_status)
VALUES('R0028','P0014','parent_of','P0030','Chapter 4 pp. 167','confirmed');

INSERT INTO relationships(relationship_id,person1_id,relationship_type,person2_id,notes,verification_status)
VALUES('R0029','P0040','grandchild_of','P0014','Chapter 4 pp. 167','confirmed');

INSERT INTO relationships(relationship_id,person1_id,relationship_type,person2_id,notes,verification_status)
VALUES('R0030','P0040','parent_of','P0041','Chapter 4 pp. 186','confirmed');

INSERT INTO relationships(relationship_id,person1_id,relationship_type,person2_id,notes,verification_status)
VALUES('R0031','P0040','parent_of','P0042','Chapter 4 pp. 186','confirmed');

INSERT INTO relationships(relationship_id,person1_id,relationship_type,person2_id,notes,verification_status)
VALUES('R0032','P0040','parent_of','P0043','Chapter 4 pp. 186','confirmed');

INSERT INTO relationships(relationship_id,person1_id,relationship_type,person2_id,notes,verification_status)
VALUES('R0033','P0044','father_in_law_of','P0040','Chapter 4 pp. 175','confirmed');

INSERT INTO relationships(relationship_id,person1_id,relationship_type,person2_id,notes,verification_status)
VALUES('R0034','P0032','relative_of','P0040','Chapter 4 pp. 170','confirmed');

INSERT INTO relationships(relationship_id,person1_id,relationship_type,person2_id,notes,verification_status)
VALUES('R0035','P0041','spouse_of','P0055','Chapter 4 pp. 186','confirmed');

INSERT INTO relationships(relationship_id,person1_id,relationship_type,person2_id,notes,verification_status)
VALUES('R0036','P0054','parent_of','P0055','Chapter 4 pp. 186','confirmed');

INSERT INTO relationships(relationship_id,person1_id,relationship_type,person2_id,notes,verification_status)
VALUES('R0037','P0040','succeeded','P0014','Chapter 4 pp. 169','confirmed');

INSERT INTO relationships(relationship_id,person1_id,relationship_type,person2_id,notes,verification_status)
VALUES('R0038','P0040','succeeded_as_regent','P0049','Chapter 4 pp. 182','confirmed');

INSERT INTO claims(claim_id,subject_type,subject_id,predicate,object_text,confidence,status,notes)
VALUES('C0078','person','P0040','fact','Naser al-Molk was born in Tehran on 14 Dhu al-Qadah 1272 AH.','confirmed','active','Imported from Chapter 4 mining package; original ID C_CH4_001');

INSERT INTO claim_citations(claim_id,citation_id,support_type) VALUES('C0078','X0035','supports');

INSERT INTO claims(claim_id,subject_type,subject_id,predicate,object_text,confidence,status,notes)
VALUES('C0079','person','P0040','fact','He studied political science at Oxford and learned English and French.','confirmed','active','Imported from Chapter 4 mining package; original ID C_CH4_002');

INSERT INTO claim_citations(claim_id,citation_id,support_type) VALUES('C0079','X0035','supports');

INSERT INTO claims(claim_id,subject_type,subject_id,predicate,object_text,confidence,status,notes)
VALUES('C0080','person','P0040','fact','He translated foreign newspapers, speeches, and royal remarks for Naser al-Din Shah.','confirmed','active','Imported from Chapter 4 mining package; original ID C_CH4_003');

INSERT INTO claim_citations(claim_id,citation_id,support_type) VALUES('C0080','X0036','supports');

INSERT INTO claims(claim_id,subject_type,subject_id,predicate,object_text,confidence,status,notes)
VALUES('C0081','person','P0040','fact','His known translations included a law booklet, Fraser''s history of Nader Shah and Indian rulers, The Merchant of Venice, and Othello.','probable','active','Imported from Chapter 4 mining package; original ID C_CH4_004');

INSERT INTO claim_citations(claim_id,citation_id,support_type) VALUES('C0081','X0036','supports');

INSERT INTO claims(claim_id,subject_type,subject_id,predicate,object_text,confidence,status,notes)
VALUES('C0082','person','P0040','fact','He inherited the title Naser al-Molk and the Hamadan governorship from his grandfather.','confirmed','active','Imported from Chapter 4 mining package; original ID C_CH4_005');

INSERT INTO claim_citations(claim_id,citation_id,support_type) VALUES('C0082','X0037','supports');

INSERT INTO claims(claim_id,subject_type,subject_id,predicate,object_text,confidence,status,notes)
VALUES('C0083','person','P0040','fact','He served as extraordinary ambassador to Ottoman and British courts after Mozaffar al-Din Shah''s accession.','confirmed','active','Imported from Chapter 4 mining package; original ID C_CH4_006');

INSERT INTO claim_citations(claim_id,citation_id,support_type) VALUES('C0083','X0038','supports');

INSERT INTO claims(claim_id,subject_type,subject_id,predicate,object_text,confidence,status,notes)
VALUES('C0084','person','P0040','fact','His principal landed estates included Bahar, Salehabad, Lalejin, Mehraban, Mazdaqineh, Hajilu, and other areas around Hamadan, plus Gilan properties.','confirmed','active','Imported from Chapter 4 mining package; original ID C_CH4_007');

INSERT INTO claim_citations(claim_id,citation_id,support_type) VALUES('C0084','X0043','supports');

INSERT INTO claims(claim_id,subject_type,subject_id,predicate,object_text,confidence,status,notes)
VALUES('C0085','person','P0040','author_interpretation','The author interprets his anti-constitutional position partly as defense of aristocratic and landed interests.','probable','active','Imported from Chapter 4 mining package; original ID C_CH4_008');

INSERT INTO claim_citations(claim_id,citation_id,support_type) VALUES('C0085','X0042','supports');

INSERT INTO claim_citations(claim_id,citation_id,support_type) VALUES('C0085','X0043','supports');

INSERT INTO claim_citations(claim_id,citation_id,support_type) VALUES('C0085','X0044','supports');

INSERT INTO claim_citations(claim_id,citation_id,support_type) VALUES('C0085','X0045','supports');

INSERT INTO claims(claim_id,subject_type,subject_id,predicate,object_text,confidence,status,notes)
VALUES('C0086','person','P0040','political_statement','Naser al-Molk argued that Iran lacked enough educated people to operate a representative system.','confirmed','active','Imported from Chapter 4 mining package; original ID C_CH4_009');

INSERT INTO claim_citations(claim_id,citation_id,support_type) VALUES('C0086','X0040','supports');

INSERT INTO claim_citations(claim_id,citation_id,support_type) VALUES('C0086','X0041','supports');

INSERT INTO claim_citations(claim_id,citation_id,support_type) VALUES('C0086','X0042','supports');

INSERT INTO claim_citations(claim_id,citation_id,support_type) VALUES('C0086','X0043','supports');

INSERT INTO claim_citations(claim_id,citation_id,support_type) VALUES('C0086','X0044','supports');

INSERT INTO claim_citations(claim_id,citation_id,support_type) VALUES('C0086','X0045','supports');

INSERT INTO claims(claim_id,subject_type,subject_id,predicate,object_text,confidence,status,notes)
VALUES('C0087','person','P0040','fact','He became prime minister through Majles nomination rather than the shah''s initiative.','confirmed','active','Imported from Chapter 4 mining package; original ID C_CH4_010');

INSERT INTO claim_citations(claim_id,citation_id,support_type) VALUES('C0087','X0047','supports');

INSERT INTO claims(claim_id,subject_type,subject_id,predicate,object_text,confidence,status,notes)
VALUES('C0088','person','P0040','fact','His cabinet helped establish a parliamentary budget and reduce court expenditures.','confirmed','active','Imported from Chapter 4 mining package; original ID C_CH4_011');

INSERT INTO claim_citations(claim_id,citation_id,support_type) VALUES('C0088','X0048','supports');

INSERT INTO claims(claim_id,subject_type,subject_id,predicate,object_text,confidence,status,notes)
VALUES('C0089','person','P0040','reported_event','British diplomatic intervention prevented Mohammad Ali Shah from killing him.','probable','active','Imported from Chapter 4 mining package; original ID C_CH4_012');

INSERT INTO claim_citations(claim_id,citation_id,support_type) VALUES('C0089','X0049','supports');

INSERT INTO claims(claim_id,subject_type,subject_id,predicate,object_text,confidence,status,notes)
VALUES('C0090','person','P0040','fact_with_ocr_uncertainty','He held a British state decoration, transcribed in OCR as KEG.','probable','active','Imported from Chapter 4 mining package; original ID C_CH4_013');

INSERT INTO claim_citations(claim_id,citation_id,support_type) VALUES('C0090','X0049','supports');

INSERT INTO claims(claim_id,subject_type,subject_id,predicate,object_text,confidence,status,notes)
VALUES('C0091','person','P0040','fact','He was elected regent with 40 of 71 votes.','confirmed','active','Imported from Chapter 4 mining package; original ID C_CH4_014');

INSERT INTO claim_citations(claim_id,citation_id,support_type) VALUES('C0091','X0050','supports');

INSERT INTO claims(claim_id,subject_type,subject_id,predicate,object_text,confidence,status,notes)
VALUES('C0092','person','P0040','fact','He ordered the closure of the Second Majles during the Russian ultimatum crisis.','confirmed','active','Imported from Chapter 4 mining package; original ID C_CH4_015');

INSERT INTO claim_citations(claim_id,citation_id,support_type) VALUES('C0092','X0051','supports');

INSERT INTO claims(claim_id,subject_type,subject_id,predicate,object_text,confidence,status,notes)
VALUES('C0093','person','P0040','fact_and_author_critique','He left Iran for an extended period while retaining regency income and estate revenues.','probable','active','Imported from Chapter 4 mining package; original ID C_CH4_016');

INSERT INTO claim_citations(claim_id,citation_id,support_type) VALUES('C0093','X0052','supports');

INSERT INTO claims(claim_id,subject_type,subject_id,predicate,object_text,confidence,status,notes)
VALUES('C0094','person','P0040','fact','He enthroned Ahmad Shah on 27 Sha''ban 1332 AH / 1914 and ended his own regency.','confirmed','active','Imported from Chapter 4 mining package; original ID C_CH4_017');

INSERT INTO claim_citations(claim_id,citation_id,support_type) VALUES('C0094','X0053','supports');

INSERT INTO claims(claim_id,subject_type,subject_id,predicate,object_text,confidence,status,notes)
VALUES('C0095','person','P0040','fact','The chapter states that he had two sons and one daughter.','confirmed','active','Imported from Chapter 4 mining package; original ID C_CH4_018');

INSERT INTO claim_citations(claim_id,citation_id,support_type) VALUES('C0095','X0054','supports');

INSERT INTO claims(claim_id,subject_type,subject_id,predicate,object_text,confidence,status,notes)
VALUES('C0096','person','P0040','source_criticism','Later negative descriptions of his sons derive from memoirists and should be stored as attributed opinions, not neutral fact.','confirmed','active','Imported from Chapter 4 mining package; original ID C_CH4_019');

INSERT INTO claim_citations(claim_id,citation_id,support_type) VALUES('C0096','X0054','supports');

INSERT INTO claims(claim_id,subject_type,subject_id,predicate,object_text,confidence,status,notes)
VALUES('C0097','person','P0056','held_office','Minister of Justice','confirmed','active','Naser al-Molk cabinet, printed page 179');

INSERT INTO claim_citations(claim_id,citation_id,support_type) VALUES('C0097','X0047','supports');

INSERT INTO claims(claim_id,subject_type,subject_id,predicate,object_text,confidence,status,notes)
VALUES('C0098','person','P0057','held_office','Minister of Foreign Affairs','confirmed','active','Naser al-Molk cabinet, printed page 179');

INSERT INTO claim_citations(claim_id,citation_id,support_type) VALUES('C0098','X0047','supports');

INSERT INTO claims(claim_id,subject_type,subject_id,predicate,object_text,confidence,status,notes)
VALUES('C0099','person','P0058','held_office','Minister of Interior','confirmed','active','Naser al-Molk cabinet, printed page 179');

INSERT INTO claim_citations(claim_id,citation_id,support_type) VALUES('C0099','X0047','supports');

INSERT INTO claims(claim_id,subject_type,subject_id,predicate,object_text,confidence,status,notes)
VALUES('C0100','person','P0059','held_office','Minister of War','confirmed','active','Naser al-Molk cabinet, printed page 179');

INSERT INTO claim_citations(claim_id,citation_id,support_type) VALUES('C0100','X0047','supports');

INSERT INTO claims(claim_id,subject_type,subject_id,predicate,object_text,confidence,status,notes)
VALUES('C0101','person','P0060','held_office','Minister of Education and Public Works','confirmed','active','Naser al-Molk cabinet, printed page 179');

INSERT INTO claim_citations(claim_id,citation_id,support_type) VALUES('C0101','X0047','supports');

INSERT INTO claims(claim_id,subject_type,subject_id,predicate,object_text,confidence,status,notes)
VALUES('C0102','person','P0061','held_office','Minister of Commerce','confirmed','active','Naser al-Molk cabinet, printed page 179');

INSERT INTO claim_citations(claim_id,citation_id,support_type) VALUES('C0102','X0047','supports');

INSERT INTO claims(claim_id,subject_type,subject_id,predicate,object_text,confidence,status,notes)
VALUES('C0103','person','P0040','held_office','Prime Minister and Minister of Finance','confirmed','active','Naser al-Molk cabinet, printed page 179');

INSERT INTO claim_citations(claim_id,citation_id,support_type) VALUES('C0103','X0047','supports');

INSERT OR REPLACE INTO metadata(key,value) VALUES('database_version','1.1');

INSERT OR REPLACE INTO metadata(key,value) VALUES('chapter4_status','complete');

INSERT OR REPLACE INTO metadata(key,value) VALUES('chapter4_pages','167-186');

INSERT INTO change_log(changed_at,entity_type,entity_id,action,summary) VALUES('2026-07-11T17:02:02.094121+00:00','chapter','4','merge','Merged completed Chapter 4 mining package into chapter 3 master archive.');
