CREATE TABLE IF NOT EXISTS bibliography_entries (
 bibliography_id TEXT PRIMARY KEY,
 source_id TEXT NOT NULL REFERENCES sources(source_id),
 category TEXT NOT NULL,
 raw_entry_fa TEXT NOT NULL,
 normalization_status TEXT NOT NULL DEFAULT 'raw',
 notes TEXT
);
CREATE TABLE IF NOT EXISTS artifacts (
 artifact_id TEXT PRIMARY KEY,
 source_id TEXT NOT NULL REFERENCES sources(source_id),
 printed_page TEXT,
 artifact_type TEXT NOT NULL,
 title TEXT NOT NULL,
 caption_fa TEXT,
 description TEXT,
 transcription_status TEXT NOT NULL,
 confidence TEXT NOT NULL,
 file_reference TEXT,
 notes TEXT
);
CREATE TABLE IF NOT EXISTS artifact_persons (
 artifact_id TEXT NOT NULL REFERENCES artifacts(artifact_id) ON DELETE CASCADE,
 person_id TEXT NOT NULL REFERENCES persons(person_id) ON DELETE CASCADE,
 role TEXT NOT NULL,
 notes TEXT,
 PRIMARY KEY (artifact_id, person_id, role)
);
INSERT OR IGNORE INTO sources(source_id,short_title,full_title,author,publication_year,source_type,file_name,notes) VALUES('BIB0001','تمامیان پرواند)۹۸۳۱(.ایران بین دو ،انقلاب ترجمه احمدگل محمدی و محمد ابراهیم فتاحی ،تهران ش','تمامیان پرواند)۹۸۳۱(.ایران بین دو ،انقلاب ترجمه احمدگل محمدی و محمد ابراهیم فتاحی ،تهران شرقی',NULL,NULL,'bibliography_books',NULL,'Cataloged from pp. 189-198 of S0001; raw Persian entry retained pending authority normalization.');
INSERT OR IGNORE INTO bibliography_entries VALUES('B0001','BIB0001','books','تمامیان پرواند)۹۸۳۱(.ایران بین دو ،انقلاب ترجمه احمدگل محمدی و محمد ابراهیم فتاحی ،تهران شرقی','raw_ocr_reviewed',NULL);
INSERT OR IGNORE INTO sources(source_id,short_title,full_title,author,publication_year,source_type,file_name,notes) VALUES('BIB0002','ربیت فریدون ( ،)۵۵۳۱ایدئولوژی نهضت مشروطیت ایران تهران نشر پیام ره حسین (.گردآورنده)()٩٦٣١','ربیت فریدون ( ،)۵۵۳۱ایدئولوژی نهضت مشروطیت ایران تهران نشر پیام ره حسین (.گردآورنده)()٩٦٣١تاریخ جنگهای ایران و ،روس یادداشت های میرزا محمد صادق وقایعنگار مروزی آهنگ سروش) ،مصحح امیر هوشنگ آذر ،تهران ،نشر مصحح. صف ،محمدهاشم.)٢٥٣١(.رستمالتواریخ ،تصحیح محمد مشیری ،تهران ،امیرکبیر',NULL,NULL,'bibliography_books',NULL,'Cataloged from pp. 189-198 of S0001; raw Persian entry retained pending authority normalization.');
INSERT OR IGNORE INTO bibliography_entries VALUES('B0002','BIB0002','books','ربیت فریدون ( ،)۵۵۳۱ایدئولوژی نهضت مشروطیت ایران تهران نشر پیام ره حسین (.گردآورنده)()٩٦٣١تاریخ جنگهای ایران و ،روس یادداشت های میرزا محمد صادق وقایعنگار مروزی آهنگ سروش) ،مصحح امیر هوشنگ آذر ،تهران ،نشر مصحح. صف ،محمدهاشم.)٢٥٣١(.رستمالتواریخ ،تصحیح محمد مشیری ،تهران ،امیرکبیر','raw_ocr_reviewed',NULL);
INSERT OR IGNORE INTO sources(source_id,short_title,full_title,author,publication_year,source_type,file_name,notes) VALUES('BIB0003','آوری ،پیتر ( ،)۹۶۳۱تاریخ معاصر ایران ترجمه محمدرفیع مهرآبادی ،تهران ،بیجا. بنخلدون ،عبدالر','آوری ،پیتر ( ،)۹۶۳۱تاریخ معاصر ایران ترجمه محمدرفیع مهرآبادی ،تهران ،بیجا. بنخلدون ،عبدالرحمان (.)٥٤٣١مقدمه ،ترجمه محمد پروین گنابادی تهران بنگاه ترجمه و نشر کتاب',NULL,NULL,'bibliography_books',NULL,'Cataloged from pp. 189-198 of S0001; raw Persian entry retained pending authority normalization.');
INSERT OR IGNORE INTO bibliography_entries VALUES('B0003','BIB0003','books','آوری ،پیتر ( ،)۹۶۳۱تاریخ معاصر ایران ترجمه محمدرفیع مهرآبادی ،تهران ،بیجا. بنخلدون ،عبدالرحمان (.)٥٤٣١مقدمه ،ترجمه محمد پروین گنابادی تهران بنگاه ترجمه و نشر کتاب','raw_ocr_reviewed',NULL);
INSERT OR IGNORE INTO sources(source_id,short_title,full_title,author,publication_year,source_type,file_name,notes) VALUES('BIB0004','اذکایی ،پرویز (بی تا)دستنوشتههای تاریخ معاصر همدان ،همدان سازمان اسناد و کتابخانه ملی غرب ','اذکایی ،پرویز (بی تا)دستنوشتههای تاریخ معاصر همدان ،همدان سازمان اسناد و کتابخانه ملی غرب کشور',NULL,NULL,'bibliography_books',NULL,'Cataloged from pp. 189-198 of S0001; raw Persian entry retained pending authority normalization.');
INSERT OR IGNORE INTO bibliography_entries VALUES('B0004','BIB0004','books','اذکایی ،پرویز (بی تا)دستنوشتههای تاریخ معاصر همدان ،همدان سازمان اسناد و کتابخانه ملی غرب کشور','raw_ocr_reviewed',NULL);
INSERT OR IGNORE INTO sources(source_id,short_title,full_title,author,publication_year,source_type,file_name,notes) VALUES('BIB0005','اذکایی ،پرویز ( ،)۵۸۳۱فرهنگ مردم همدان همدان انتشارات دانشگاه بوعلی سینا. اشرف ،احمد ()١٦٣','اذکایی ،پرویز ( ،)۵۸۳۱فرهنگ مردم همدان همدان انتشارات دانشگاه بوعلی سینا. اشرف ،احمد ()١٦٣١دهقان ،زمین ،انقلاب مسائل ارضی و دهقانی ،تهران ،انتشارات آگاه',NULL,NULL,'bibliography_books',NULL,'Cataloged from pp. 189-198 of S0001; raw Persian entry retained pending authority normalization.');
INSERT OR IGNORE INTO bibliography_entries VALUES('B0005','BIB0005','books','اذکایی ،پرویز ( ،)۵۸۳۱فرهنگ مردم همدان همدان انتشارات دانشگاه بوعلی سینا. اشرف ،احمد ()١٦٣١دهقان ،زمین ،انقلاب مسائل ارضی و دهقانی ،تهران ،انتشارات آگاه','raw_ocr_reviewed',NULL);
INSERT OR IGNORE INTO sources(source_id,short_title,full_title,author,publication_year,source_type,file_name,notes) VALUES('BIB0006','اصفهانیان کریم و دیگران گردآورندگان)( ،)۵۸۳۱اسناد تاریخی خاندان غفاری ،تهران ،بنیاد موقوفا','اصفهانیان کریم و دیگران گردآورندگان)( ،)۵۸۳۱اسناد تاریخی خاندان غفاری ،تهران ،بنیاد موقوفات دکتر محمود افشار',NULL,NULL,'bibliography_books',NULL,'Cataloged from pp. 189-198 of S0001; raw Persian entry retained pending authority normalization.');
INSERT OR IGNORE INTO bibliography_entries VALUES('B0006','BIB0006','books','اصفهانیان کریم و دیگران گردآورندگان)( ،)۵۸۳۱اسناد تاریخی خاندان غفاری ،تهران ،بنیاد موقوفات دکتر محمود افشار','raw_ocr_reviewed',NULL);
INSERT OR IGNORE INTO sources(source_id,short_title,full_title,author,publication_year,source_type,file_name,notes) VALUES('BIB0007','میرزا خانلرخان ()۱۵۳۱سفرنامه خانلرخان اعتصام الملک ،تهران ،انتشارات منوچهر اعتصام الملک مح','میرزا خانلرخان ()۱۵۳۱سفرنامه خانلرخان اعتصام الملک ،تهران ،انتشارات منوچهر اعتصام الملک محمودی اعتمادالسلطنه ،محمدحسن خان ( ،)٧٦٣١تاریخ منتظم ناصری ،مصحح محمد اسماعیل رضوانی ،تهران، دنیای کتاب اعتمادالسلطنه محمد حسن خان ()٤٧٣١چهل سال تاریخ ایران مصحح ایرج افشار ،تهران ،انتشارات اساطير.',NULL,NULL,'bibliography_books',NULL,'Cataloged from pp. 189-198 of S0001; raw Persian entry retained pending authority normalization.');
INSERT OR IGNORE INTO bibliography_entries VALUES('B0007','BIB0007','books','میرزا خانلرخان ()۱۵۳۱سفرنامه خانلرخان اعتصام الملک ،تهران ،انتشارات منوچهر اعتصام الملک محمودی اعتمادالسلطنه ،محمدحسن خان ( ،)٧٦٣١تاریخ منتظم ناصری ،مصحح محمد اسماعیل رضوانی ،تهران، دنیای کتاب اعتمادالسلطنه محمد حسن خان ()٤٧٣١چهل سال تاریخ ایران مصحح ایرج افشار ،تهران ،انتشارات اساطير.','raw_ocr_reviewed',NULL);
INSERT OR IGNORE INTO sources(source_id,short_title,full_title,author,publication_year,source_type,file_name,notes) VALUES('BIB0008','اعتمادالسلطنه ،محمدحسن خان ()۷۷۳۱روزنامه خاطرات اعتمادالسلطنه با مقدمه ایرج افشار ،تهران، ','اعتمادالسلطنه ،محمدحسن خان ()۷۷۳۱روزنامه خاطرات اعتمادالسلطنه با مقدمه ایرج افشار ،تهران، امير كبير.',NULL,NULL,'bibliography_books',NULL,'Cataloged from pp. 189-198 of S0001; raw Persian entry retained pending authority normalization.');
INSERT OR IGNORE INTO bibliography_entries VALUES('B0008','BIB0008','books','اعتمادالسلطنه ،محمدحسن خان ()۷۷۳۱روزنامه خاطرات اعتمادالسلطنه با مقدمه ایرج افشار ،تهران، امير كبير.','raw_ocr_reviewed',NULL);
INSERT OR IGNORE INTO sources(source_id,short_title,full_title,author,publication_year,source_type,file_name,notes) VALUES('BIB0009','اعتمادالسلطنه محمد حسن خان ()۷۵۳۱صدر،التواريخ مصحح محمد ،مشیری ،تهران ،کتابخانه و سازمان ا','اعتمادالسلطنه محمد حسن خان ()۷۵۳۱صدر،التواريخ مصحح محمد ،مشیری ،تهران ،کتابخانه و سازمان اسناد ملی ایران',NULL,NULL,'bibliography_books',NULL,'Cataloged from pp. 189-198 of S0001; raw Persian entry retained pending authority normalization.');
INSERT OR IGNORE INTO bibliography_entries VALUES('B0009','BIB0009','books','اعتمادالسلطنه محمد حسن خان ()۷۵۳۱صدر،التواريخ مصحح محمد ،مشیری ،تهران ،کتابخانه و سازمان اسناد ملی ایران','raw_ocr_reviewed',NULL);
INSERT OR IGNORE INTO sources(source_id,short_title,full_title,author,publication_year,source_type,file_name,notes) VALUES('BIB0010','افشار ،ایرج (گردآورنده)()۰۸۳۱دفتر تاریخ مجموعه اسناد و منابع تاریخی مصحح ایرج افشار ،تهران','افشار ،ایرج (گردآورنده)()۰۸۳۱دفتر تاریخ مجموعه اسناد و منابع تاریخی مصحح ایرج افشار ،تهران، بنیاد موقوفات دکتر محمود افشار افضلالتواريخ مصحح منصوره اتحادیه و سیروس سعدوندیان افضل الملک میرزا غلامحسین (، ،)١٦٣١ تهران ،نشر تاریخ ایران',NULL,NULL,'bibliography_books',NULL,'Cataloged from pp. 189-198 of S0001; raw Persian entry retained pending authority normalization.');
INSERT OR IGNORE INTO bibliography_entries VALUES('B0010','BIB0010','books','افشار ،ایرج (گردآورنده)()۰۸۳۱دفتر تاریخ مجموعه اسناد و منابع تاریخی مصحح ایرج افشار ،تهران، بنیاد موقوفات دکتر محمود افشار افضلالتواريخ مصحح منصوره اتحادیه و سیروس سعدوندیان افضل الملک میرزا غلامحسین (، ،)١٦٣١ تهران ،نشر تاریخ ایران','raw_ocr_reviewed',NULL);
INSERT OR IGNORE INTO sources(source_id,short_title,full_title,author,publication_year,source_type,file_name,notes) VALUES('BIB0011','الموتى ،مصطفی )٤٧٣١(،بازیگران سیاسی از مشروطیت تا سال ،۷۵۳۱لندن ،یکا','الموتى ،مصطفی )٤٧٣١(،بازیگران سیاسی از مشروطیت تا سال ،۷۵۳۱لندن ،یکا',NULL,NULL,'bibliography_books',NULL,'Cataloged from pp. 189-198 of S0001; raw Persian entry retained pending authority normalization.');
INSERT OR IGNORE INTO bibliography_entries VALUES('B0011','BIB0011','books','الموتى ،مصطفی )٤٧٣١(،بازیگران سیاسی از مشروطیت تا سال ،۷۵۳۱لندن ،یکا','raw_ocr_reviewed',NULL);
INSERT OR IGNORE INTO sources(source_id,short_title,full_title,author,publication_year,source_type,file_name,notes) VALUES('BIB0012','ایروانی ،آبراهام ()۳۹۳۱تاریخ جنگها گزارش نبردهای ایران و عثمانی پس از سقوط صفویه','ایروانی ،آبراهام ()۳۹۳۱تاریخ جنگها گزارش نبردهای ایران و عثمانی پس از سقوط صفویه',NULL,NULL,'bibliography_books',NULL,'Cataloged from pp. 189-198 of S0001; raw Persian entry retained pending authority normalization.');
INSERT OR IGNORE INTO bibliography_entries VALUES('B0012','BIB0012','books','ایروانی ،آبراهام ()۳۹۳۱تاریخ جنگها گزارش نبردهای ایران و عثمانی پس از سقوط صفویه','raw_ocr_reviewed',NULL);
INSERT OR IGNORE INTO sources(source_id,short_title,full_title,author,publication_year,source_type,file_name,notes) VALUES('BIB0013','( ،)۱۲۷۱-۸۳۷۱ترجمه فاطمه ،اورجی ،تهران ،پژوهشکده تاریخ اسلام','( ،)۱۲۷۱-۸۳۷۱ترجمه فاطمه ،اورجی ،تهران ،پژوهشکده تاریخ اسلام',NULL,NULL,'bibliography_books',NULL,'Cataloged from pp. 189-198 of S0001; raw Persian entry retained pending authority normalization.');
INSERT OR IGNORE INTO bibliography_entries VALUES('B0013','BIB0013','books','( ،)۱۲۷۱-۸۳۷۱ترجمه فاطمه ،اورجی ،تهران ،پژوهشکده تاریخ اسلام','raw_ocr_reviewed',NULL);
INSERT OR IGNORE INTO sources(source_id,short_title,full_title,author,publication_year,source_type,file_name,notes) VALUES('BIB0014','با مداد ،مهدی ،)۳۹۳۱(.شرححال رجال ایران تهران گلشن','با مداد ،مهدی ،)۳۹۳۱(.شرححال رجال ایران تهران گلشن',NULL,NULL,'bibliography_books',NULL,'Cataloged from pp. 189-198 of S0001; raw Persian entry retained pending authority normalization.');
INSERT OR IGNORE INTO bibliography_entries VALUES('B0014','BIB0014','books','با مداد ،مهدی ،)۳۹۳۱(.شرححال رجال ایران تهران گلشن','raw_ocr_reviewed',NULL);
INSERT OR IGNORE INTO sources(source_id,short_title,full_title,author,publication_year,source_type,file_name,notes) VALUES('BIB0015','بختیاری ،علیقلی ()۷۳۱تاریخ بختیاری تهران ،انتشارات اساطیر بدیع تبریزی شمس الدین ()٠٦٣١مناس','بختیاری ،علیقلی ()۷۳۱تاریخ بختیاری تهران ،انتشارات اساطیر بدیع تبریزی شمس الدین ()٠٦٣١مناسبات ارضی در ایران ،معاصر ترجمه غلامحسین متین ،تهران، انتشارات اخگر',NULL,NULL,'bibliography_books',NULL,'Cataloged from pp. 189-198 of S0001; raw Persian entry retained pending authority normalization.');
INSERT OR IGNORE INTO bibliography_entries VALUES('B0015','BIB0015','books','بختیاری ،علیقلی ()۷۳۱تاریخ بختیاری تهران ،انتشارات اساطیر بدیع تبریزی شمس الدین ()٠٦٣١مناسبات ارضی در ایران ،معاصر ترجمه غلامحسین متین ،تهران، انتشارات اخگر','raw_ocr_reviewed',NULL);
INSERT OR IGNORE INTO sources(source_id,short_title,full_title,author,publication_year,source_type,file_name,notes) VALUES('BIB0016','براون ادوارد ()۰۸۳۱انقلاب مشروطیت ،ایران ترجمه مهری ،قزوینی تهران انتشارات کویر','براون ادوارد ()۰۸۳۱انقلاب مشروطیت ،ایران ترجمه مهری ،قزوینی تهران انتشارات کویر',NULL,NULL,'bibliography_books',NULL,'Cataloged from pp. 189-198 of S0001; raw Persian entry retained pending authority normalization.');
INSERT OR IGNORE INTO bibliography_entries VALUES('B0016','BIB0016','books','براون ادوارد ()۰۸۳۱انقلاب مشروطیت ،ایران ترجمه مهری ،قزوینی تهران انتشارات کویر','raw_ocr_reviewed',NULL);
INSERT OR IGNORE INTO sources(source_id,short_title,full_title,author,publication_year,source_type,file_name,notes) VALUES('BIB0017','بریون ،مارسل (بی تا) ،منم تیمور جهانگشا ،ترجمه ،ذبیحالله ،منصوری ،تهران مؤسسه مطبوعاتی مست','بریون ،مارسل (بی تا) ،منم تیمور جهانگشا ،ترجمه ،ذبیحالله ،منصوری ،تهران مؤسسه مطبوعاتی مستوفی',NULL,NULL,'bibliography_books',NULL,'Cataloged from pp. 189-198 of S0001; raw Persian entry retained pending authority normalization.');
INSERT OR IGNORE INTO bibliography_entries VALUES('B0017','BIB0017','books','بریون ،مارسل (بی تا) ،منم تیمور جهانگشا ،ترجمه ،ذبیحالله ،منصوری ،تهران مؤسسه مطبوعاتی مستوفی','raw_ocr_reviewed',NULL);
INSERT OR IGNORE INTO sources(source_id,short_title,full_title,author,publication_year,source_type,file_name,notes) VALUES('BIB0018','از سید ضیاء تا بختیار تهران جاویدانبهنود ،مسعود ()۹۶۳۱','از سید ضیاء تا بختیار تهران جاویدانبهنود ،مسعود ()۹۶۳۱',NULL,NULL,'bibliography_books',NULL,'Cataloged from pp. 189-198 of S0001; raw Persian entry retained pending authority normalization.');
INSERT OR IGNORE INTO bibliography_entries VALUES('B0018','BIB0018','books','از سید ضیاء تا بختیار تهران جاویدانبهنود ،مسعود ()۹۶۳۱','raw_ocr_reviewed',NULL);
INSERT OR IGNORE INTO sources(source_id,short_title,full_title,author,publication_year,source_type,file_name,notes) VALUES('BIB0019','بیات بایزید ،)۲۸۳۱(.تذکره همایون و اکبر ،مصحح محمد هدایت ،حسین تهران ،انتشارات اساطیر','بیات بایزید ،)۲۸۳۱(.تذکره همایون و اکبر ،مصحح محمد هدایت ،حسین تهران ،انتشارات اساطیر',NULL,NULL,'bibliography_books',NULL,'Cataloged from pp. 189-198 of S0001; raw Persian entry retained pending authority normalization.');
INSERT OR IGNORE INTO bibliography_entries VALUES('B0019','BIB0019','books','بیات بایزید ،)۲۸۳۱(.تذکره همایون و اکبر ،مصحح محمد هدایت ،حسین تهران ،انتشارات اساطیر','raw_ocr_reviewed',NULL);
INSERT OR IGNORE INTO sources(source_id,short_title,full_title,author,publication_year,source_type,file_name,notes) VALUES('BIB0020','بیگدلی ،غلامحسین ( ،)۲۷۳۱تاریخ بیگدلیها تهران بینا','بیگدلی ،غلامحسین ( ،)۲۷۳۱تاریخ بیگدلیها تهران بینا',NULL,NULL,'bibliography_books',NULL,'Cataloged from pp. 189-198 of S0001; raw Persian entry retained pending authority normalization.');
INSERT OR IGNORE INTO bibliography_entries VALUES('B0020','BIB0020','books','بیگدلی ،غلامحسین ( ،)۲۷۳۱تاریخ بیگدلیها تهران بینا','raw_ocr_reviewed',NULL);
INSERT OR IGNORE INTO sources(source_id,short_title,full_title,author,publication_year,source_type,file_name,notes) VALUES('BIB0021','پاوولویج ،میخائیل و ،تریاس ،ایرانسکی ( ،)۷۵۳۱سه مقاله درباره انقلاب مشروطه ایران ،ترجمه م،','پاوولویج ،میخائیل و ،تریاس ،ایرانسکی ( ،)۷۵۳۱سه مقاله درباره انقلاب مشروطه ایران ،ترجمه م، هوشیار ،تهران ،انتشارات کتابهای جیبی',NULL,NULL,'bibliography_books',NULL,'Cataloged from pp. 189-198 of S0001; raw Persian entry retained pending authority normalization.');
INSERT OR IGNORE INTO bibliography_entries VALUES('B0021','BIB0021','books','پاوولویج ،میخائیل و ،تریاس ،ایرانسکی ( ،)۷۵۳۱سه مقاله درباره انقلاب مشروطه ایران ،ترجمه م، هوشیار ،تهران ،انتشارات کتابهای جیبی','raw_ocr_reviewed',NULL);
INSERT OR IGNORE INTO sources(source_id,short_title,full_title,author,publication_year,source_type,file_name,notes) VALUES('BIB0022','پری جان.ر)۸۳۱(.کریمخان زند ترجمه علیمحمد ساکی ،تهران ،نشر نو','پری جان.ر)۸۳۱(.کریمخان زند ترجمه علیمحمد ساکی ،تهران ،نشر نو',NULL,NULL,'bibliography_books',NULL,'Cataloged from pp. 189-198 of S0001; raw Persian entry retained pending authority normalization.');
INSERT OR IGNORE INTO bibliography_entries VALUES('B0022','BIB0022','books','پری جان.ر)۸۳۱(.کریمخان زند ترجمه علیمحمد ساکی ،تهران ،نشر نو','raw_ocr_reviewed',NULL);
INSERT OR IGNORE INTO sources(source_id,short_title,full_title,author,publication_year,source_type,file_name,notes) VALUES('BIB0023','پولاک ،یاکوب ()۸۶۳۱سفرنامه ایران و،ایرانیان ترجمه کیکاووس ،جهانداری انتشارات خوارزمی تاریخ','پولاک ،یاکوب ()۸۶۳۱سفرنامه ایران و،ایرانیان ترجمه کیکاووس ،جهانداری انتشارات خوارزمی تاریخالفى مصحح غلامرضا طباطبایی مجد ،تهران،',NULL,NULL,'bibliography_books',NULL,'Cataloged from pp. 189-198 of S0001; raw Persian entry retained pending authority normalization.');
INSERT OR IGNORE INTO bibliography_entries VALUES('B0023','BIB0023','books','پولاک ،یاکوب ()۸۶۳۱سفرنامه ایران و،ایرانیان ترجمه کیکاووس ،جهانداری انتشارات خوارزمی تاریخالفى مصحح غلامرضا طباطبایی مجد ،تهران،','raw_ocr_reviewed',NULL);
INSERT OR IGNORE INTO sources(source_id,short_title,full_title,author,publication_year,source_type,file_name,notes) VALUES('BIB0024','تتوی قاضی احمد و آصف خان قزوینی (، ،)۲۸۳۱ انتشارات علمی و فرهنگی','تتوی قاضی احمد و آصف خان قزوینی (، ،)۲۸۳۱ انتشارات علمی و فرهنگی',NULL,NULL,'bibliography_books',NULL,'Cataloged from pp. 189-198 of S0001; raw Persian entry retained pending authority normalization.');
INSERT OR IGNORE INTO bibliography_entries VALUES('B0024','BIB0024','books','تتوی قاضی احمد و آصف خان قزوینی (، ،)۲۸۳۱ انتشارات علمی و فرهنگی','raw_ocr_reviewed',NULL);
INSERT OR IGNORE INTO sources(source_id,short_title,full_title,author,publication_year,source_type,file_name,notes) VALUES('BIB0025','جمالزاده ،محمد علی ،)۲۶۳۱( ،گنج شایگان ،تهران ،انتشارات کتاب جمشید ،بهنام و شاپور راسخ ( ،','جمالزاده ،محمد علی ،)۲۶۳۱( ،گنج شایگان ،تهران ،انتشارات کتاب جمشید ،بهنام و شاپور راسخ ( ،)٨٤٣١مقدمه بر جامعهشناسی ایران تهران ،انتشارات خوارزمی',NULL,NULL,'bibliography_books',NULL,'Cataloged from pp. 189-198 of S0001; raw Persian entry retained pending authority normalization.');
INSERT OR IGNORE INTO bibliography_entries VALUES('B0025','BIB0025','books','جمالزاده ،محمد علی ،)۲۶۳۱( ،گنج شایگان ،تهران ،انتشارات کتاب جمشید ،بهنام و شاپور راسخ ( ،)٨٤٣١مقدمه بر جامعهشناسی ایران تهران ،انتشارات خوارزمی','raw_ocr_reviewed',NULL);
INSERT OR IGNORE INTO sources(source_id,short_title,full_title,author,publication_year,source_type,file_name,notes) VALUES('BIB0026','جمعی از نویسندگان ()۰۷۳۱مشاهیر ،رجال به کوشش باقر عاقلی ،تهران ،نشر گفتار','جمعی از نویسندگان ()۰۷۳۱مشاهیر ،رجال به کوشش باقر عاقلی ،تهران ،نشر گفتار',NULL,NULL,'bibliography_books',NULL,'Cataloged from pp. 189-198 of S0001; raw Persian entry retained pending authority normalization.');
INSERT OR IGNORE INTO bibliography_entries VALUES('B0026','BIB0026','books','جمعی از نویسندگان ()۰۷۳۱مشاهیر ،رجال به کوشش باقر عاقلی ،تهران ،نشر گفتار','raw_ocr_reviewed',NULL);
INSERT OR IGNORE INTO sources(source_id,short_title,full_title,author,publication_year,source_type,file_name,notes) VALUES('BIB0027','،جنابذی میرزابیگ ()۸۷۳۱روضة الصفويه ،مصحح غلامرضا طباطبایی ،مجد ،تهران بنیاد موقوفات دکتر ','،جنابذی میرزابیگ ()۸۷۳۱روضة الصفويه ،مصحح غلامرضا طباطبایی ،مجد ،تهران بنیاد موقوفات دکتر محمود افشار',NULL,NULL,'bibliography_books',NULL,'Cataloged from pp. 189-198 of S0001; raw Persian entry retained pending authority normalization.');
INSERT OR IGNORE INTO bibliography_entries VALUES('B0027','BIB0027','books','،جنابذی میرزابیگ ()۸۷۳۱روضة الصفويه ،مصحح غلامرضا طباطبایی ،مجد ،تهران بنیاد موقوفات دکتر محمود افشار','raw_ocr_reviewed',NULL);
INSERT OR IGNORE INTO sources(source_id,short_title,full_title,author,publication_year,source_type,file_name,notes) VALUES('BIB0028','جورابچی محمدتقی ()۶۸۳۱حرفی از هزاران که اندر عبارت آمد خاطرات محمدتقی جورابچی) صحح علی ،قی','جورابچی محمدتقی ()۶۸۳۱حرفی از هزاران که اندر عبارت آمد خاطرات محمدتقی جورابچی) صحح علی ،قیصری ،تهران ،نشر تاریخ ایران',NULL,NULL,'bibliography_books',NULL,'Cataloged from pp. 189-198 of S0001; raw Persian entry retained pending authority normalization.');
INSERT OR IGNORE INTO bibliography_entries VALUES('B0028','BIB0028','books','جورابچی محمدتقی ()۶۸۳۱حرفی از هزاران که اندر عبارت آمد خاطرات محمدتقی جورابچی) صحح علی ،قیصری ،تهران ،نشر تاریخ ایران','raw_ocr_reviewed',NULL);
INSERT OR IGNORE INTO sources(source_id,short_title,full_title,author,publication_year,source_type,file_name,notes) VALUES('BIB0029','جهانگیر میرزا ( ،)۴۸۳۱تاریخ ،نو مصحح عباس اقبال آشتیانی ،تهران ،انتشارات علم.','جهانگیر میرزا ( ،)۴۸۳۱تاریخ ،نو مصحح عباس اقبال آشتیانی ،تهران ،انتشارات علم.',NULL,NULL,'bibliography_books',NULL,'Cataloged from pp. 189-198 of S0001; raw Persian entry retained pending authority normalization.');
INSERT OR IGNORE INTO bibliography_entries VALUES('B0029','BIB0029','books','جهانگیر میرزا ( ،)۴۸۳۱تاریخ ،نو مصحح عباس اقبال آشتیانی ،تهران ،انتشارات علم.','raw_ocr_reviewed',NULL);
INSERT OR IGNORE INTO sources(source_id,short_title,full_title,author,publication_year,source_type,file_name,notes) VALUES('BIB0030','ی بی کلی و گرنی .داد ()۷۸۳۱جنگ ایران و انگلیس در سال ٦٥٨١ترجمه حسن زنگنه ،بوشهر، نتشارات ش','ی بی کلی و گرنی .داد ()۷۸۳۱جنگ ایران و انگلیس در سال ٦٥٨١ترجمه حسن زنگنه ،بوشهر، نتشارات شروع چلبی ،مصطفى بن عبدالله ( ،)٦٧٣١ترجمه تقویم تواریخ مترجم ناشناخته ،تهران ،نشر احیا کتاب.',NULL,NULL,'bibliography_books',NULL,'Cataloged from pp. 189-198 of S0001; raw Persian entry retained pending authority normalization.');
INSERT OR IGNORE INTO bibliography_entries VALUES('B0030','BIB0030','books','ی بی کلی و گرنی .داد ()۷۸۳۱جنگ ایران و انگلیس در سال ٦٥٨١ترجمه حسن زنگنه ،بوشهر، نتشارات شروع چلبی ،مصطفى بن عبدالله ( ،)٦٧٣١ترجمه تقویم تواریخ مترجم ناشناخته ،تهران ،نشر احیا کتاب.','raw_ocr_reviewed',NULL);
INSERT OR IGNORE INTO sources(source_id,short_title,full_title,author,publication_year,source_type,file_name,notes) VALUES('BIB0031','حائری عبد الهادی ( ،)۷۶۳۱نخستین رویاروییهای اندیشهگران ایران با دو رویه تمدن بورژوازی غرب ','حائری عبد الهادی ( ،)۷۶۳۱نخستین رویاروییهای اندیشهگران ایران با دو رویه تمدن بورژوازی غرب ،تهران ،انتشارات امیرکبیر',NULL,NULL,'bibliography_books',NULL,'Cataloged from pp. 189-198 of S0001; raw Persian entry retained pending authority normalization.');
INSERT OR IGNORE INTO bibliography_entries VALUES('B0031','BIB0031','books','حائری عبد الهادی ( ،)۷۶۳۱نخستین رویاروییهای اندیشهگران ایران با دو رویه تمدن بورژوازی غرب ،تهران ،انتشارات امیرکبیر','raw_ocr_reviewed',NULL);
INSERT OR IGNORE INTO sources(source_id,short_title,full_title,author,publication_year,source_type,file_name,notes) VALUES('BIB0032','حسینی ،صدرالدین ابوالحسن علی ()۰۸۳۱زبدة التواريخ اخبارالامرا و الملوك السلجوقيه ،ترجمه رمض','حسینی ،صدرالدین ابوالحسن علی ()۰۸۳۱زبدة التواريخ اخبارالامرا و الملوك السلجوقيه ،ترجمه رمضان على روح الهی ،مصحح محمد نورالدین ،تهران انتشارات ایل شاهسون بغدادی',NULL,NULL,'bibliography_books',NULL,'Cataloged from pp. 189-198 of S0001; raw Persian entry retained pending authority normalization.');
INSERT OR IGNORE INTO bibliography_entries VALUES('B0032','BIB0032','books','حسینی ،صدرالدین ابوالحسن علی ()۰۸۳۱زبدة التواريخ اخبارالامرا و الملوك السلجوقيه ،ترجمه رمضان على روح الهی ،مصحح محمد نورالدین ،تهران انتشارات ایل شاهسون بغدادی','raw_ocr_reviewed',NULL);
INSERT OR IGNORE INTO sources(source_id,short_title,full_title,author,publication_year,source_type,file_name,notes) VALUES('BIB0033','حيني ،فسایی میرزا حسن )۲۸۳۱(،فارسنامه ناصری ،مصحح منصور رستگار فسایی ،تهران ،انتشارات امير','حيني ،فسایی میرزا حسن )۲۸۳۱(،فارسنامه ناصری ،مصحح منصور رستگار فسایی ،تهران ،انتشارات اميركبير.',NULL,NULL,'bibliography_books',NULL,'Cataloged from pp. 189-198 of S0001; raw Persian entry retained pending authority normalization.');
INSERT OR IGNORE INTO bibliography_entries VALUES('B0033','BIB0033','books','حيني ،فسایی میرزا حسن )۲۸۳۱(،فارسنامه ناصری ،مصحح منصور رستگار فسایی ،تهران ،انتشارات اميركبير.','raw_ocr_reviewed',NULL);
INSERT OR IGNORE INTO sources(source_id,short_title,full_title,author,publication_year,source_type,file_name,notes) VALUES('BIB0034','خاوری شیرازی میرزا فضلالله ( ،)۰۸۳۱تاریخ،ذوالقرنین مصحح ناصر ،افشار،فر ،تهران ،سازمان چاپ ','خاوری شیرازی میرزا فضلالله ( ،)۰۸۳۱تاریخ،ذوالقرنین مصحح ناصر ،افشار،فر ،تهران ،سازمان چاپ و انتشارات وزارت فرهنگ و ارشاد اسلامی',NULL,NULL,'bibliography_books',NULL,'Cataloged from pp. 189-198 of S0001; raw Persian entry retained pending authority normalization.');
INSERT OR IGNORE INTO bibliography_entries VALUES('B0034','BIB0034','books','خاوری شیرازی میرزا فضلالله ( ،)۰۸۳۱تاریخ،ذوالقرنین مصحح ناصر ،افشار،فر ،تهران ،سازمان چاپ و انتشارات وزارت فرهنگ و ارشاد اسلامی','raw_ocr_reviewed',NULL);
INSERT OR IGNORE INTO sources(source_id,short_title,full_title,author,publication_year,source_type,file_name,notes) VALUES('BIB0035','خسروی خسرو ()۸۵۳۱جامعه دهقانی در ایران ،تهران ،انتشارات پیام','خسروی خسرو ()۸۵۳۱جامعه دهقانی در ایران ،تهران ،انتشارات پیام',NULL,NULL,'bibliography_books',NULL,'Cataloged from pp. 189-198 of S0001; raw Persian entry retained pending authority normalization.');
INSERT OR IGNORE INTO bibliography_entries VALUES('B0035','BIB0035','books','خسروی خسرو ()۸۵۳۱جامعه دهقانی در ایران ،تهران ،انتشارات پیام','raw_ocr_reviewed',NULL);
INSERT OR IGNORE INTO sources(source_id,short_title,full_title,author,publication_year,source_type,file_name,notes) VALUES('BIB0036','خواند ،میر غیاث الدین همام الدین ( ،)۰۸۳۱تاریخ حبیبالسیر ،تهران ،نشر خیام خورموجی محمدجعفر','خواند ،میر غیاث الدین همام الدین ( ،)۰۸۳۱تاریخ حبیبالسیر ،تهران ،نشر خیام خورموجی محمدجعفر ()٤٤٣١تاریخ قاجار؛ حقایقالاخبار ناصری ،مصحح حسین خدیو جم ،تهران، نشر زوار',NULL,NULL,'bibliography_books',NULL,'Cataloged from pp. 189-198 of S0001; raw Persian entry retained pending authority normalization.');
INSERT OR IGNORE INTO bibliography_entries VALUES('B0036','BIB0036','books','خواند ،میر غیاث الدین همام الدین ( ،)۰۸۳۱تاریخ حبیبالسیر ،تهران ،نشر خیام خورموجی محمدجعفر ()٤٤٣١تاریخ قاجار؛ حقایقالاخبار ناصری ،مصحح حسین خدیو جم ،تهران، نشر زوار','raw_ocr_reviewed',NULL);
INSERT OR IGNORE INTO sources(source_id,short_title,full_title,author,publication_year,source_type,file_name,notes) VALUES('BIB0037','هانری ،رنه )۵۳۳۱(،سفرنامه از خراسان تا ،بختیاری ترجمه علی فره وشی تهران ،انتشارات دالمانی ','هانری ،رنه )۵۳۳۱(،سفرنامه از خراسان تا ،بختیاری ترجمه علی فره وشی تهران ،انتشارات دالمانی اميركبير',NULL,NULL,'bibliography_books',NULL,'Cataloged from pp. 189-198 of S0001; raw Persian entry retained pending authority normalization.');
INSERT OR IGNORE INTO bibliography_entries VALUES('B0037','BIB0037','books','هانری ،رنه )۵۳۳۱(،سفرنامه از خراسان تا ،بختیاری ترجمه علی فره وشی تهران ،انتشارات دالمانی اميركبير','raw_ocr_reviewed',NULL);
INSERT OR IGNORE INTO sources(source_id,short_title,full_title,author,publication_year,source_type,file_name,notes) VALUES('BIB0038','دروویل ،گاسپار ()۰۷۳۱سفر در ایران ترجمه منوچهر اعتماد ،مقدم ،تهران ،نشر شباویز','دروویل ،گاسپار ()۰۷۳۱سفر در ایران ترجمه منوچهر اعتماد ،مقدم ،تهران ،نشر شباویز',NULL,NULL,'bibliography_books',NULL,'Cataloged from pp. 189-198 of S0001; raw Persian entry retained pending authority normalization.');
INSERT OR IGNORE INTO bibliography_entries VALUES('B0038','BIB0038','books','دروویل ،گاسپار ()۰۷۳۱سفر در ایران ترجمه منوچهر اعتماد ،مقدم ،تهران ،نشر شباویز','raw_ocr_reviewed',NULL);
INSERT OR IGNORE INTO sources(source_id,short_title,full_title,author,publication_year,source_type,file_name,notes) VALUES('BIB0039','دنبلی ،عبدالرزاق بن مفتون ( ،)۳۸۳۱مآثرالسلطانیه به کوشش فیروز ،منصوری ،تهران ،انتشارات اطل','دنبلی ،عبدالرزاق بن مفتون ( ،)۳۸۳۱مآثرالسلطانیه به کوشش فیروز ،منصوری ،تهران ،انتشارات اطلاعات',NULL,NULL,'bibliography_books',NULL,'Cataloged from pp. 189-198 of S0001; raw Persian entry retained pending authority normalization.');
INSERT OR IGNORE INTO bibliography_entries VALUES('B0039','BIB0039','books','دنبلی ،عبدالرزاق بن مفتون ( ،)۳۸۳۱مآثرالسلطانیه به کوشش فیروز ،منصوری ،تهران ،انتشارات اطلاعات','raw_ocr_reviewed',NULL);
INSERT OR IGNORE INTO sources(source_id,short_title,full_title,author,publication_year,source_type,file_name,notes) VALUES('BIB0040','دوغلات ،میرزا حیدر ( ،)۳۸۳۱تاریخ رشیدی ،مصحح عباسقلی غفاری فرد ،تهران ،میراث مکتوب','دوغلات ،میرزا حیدر ( ،)۳۸۳۱تاریخ رشیدی ،مصحح عباسقلی غفاری فرد ،تهران ،میراث مکتوب',NULL,NULL,'bibliography_books',NULL,'Cataloged from pp. 189-198 of S0001; raw Persian entry retained pending authority normalization.');
INSERT OR IGNORE INTO bibliography_entries VALUES('B0040','BIB0040','books','دوغلات ،میرزا حیدر ( ،)۳۸۳۱تاریخ رشیدی ،مصحح عباسقلی غفاری فرد ،تهران ،میراث مکتوب','raw_ocr_reviewed',NULL);
INSERT OR IGNORE INTO sources(source_id,short_title,full_title,author,publication_year,source_type,file_name,notes) VALUES('BIB0041','دولتآبادی یحیی ()۱۷۳۱حیات ،یحیی ،تهران ،انتشارات عطار','دولتآبادی یحیی ()۱۷۳۱حیات ،یحیی ،تهران ،انتشارات عطار',NULL,NULL,'bibliography_books',NULL,'Cataloged from pp. 189-198 of S0001; raw Persian entry retained pending authority normalization.');
INSERT OR IGNORE INTO bibliography_entries VALUES('B0041','BIB0041','books','دولتآبادی یحیی ()۱۷۳۱حیات ،یحیی ،تهران ،انتشارات عطار','raw_ocr_reviewed',NULL);
INSERT OR IGNORE INTO sources(source_id,short_title,full_title,author,publication_year,source_type,file_name,notes) VALUES('BIB0042','دیوانبیگی ،میرزا حسینخان ()۲۸۳۱خاطرات دیوانبیگی مصحح ایرج افشار و محمدرسول دریاگشت تهران ،','دیوانبیگی ،میرزا حسینخان ()۲۸۳۱خاطرات دیوانبیگی مصحح ایرج افشار و محمدرسول دریاگشت تهران ،اساطیر',NULL,NULL,'bibliography_books',NULL,'Cataloged from pp. 189-198 of S0001; raw Persian entry retained pending authority normalization.');
INSERT OR IGNORE INTO bibliography_entries VALUES('B0042','BIB0042','books','دیوانبیگی ،میرزا حسینخان ()۲۸۳۱خاطرات دیوانبیگی مصحح ایرج افشار و محمدرسول دریاگشت تهران ،اساطیر','raw_ocr_reviewed',NULL);
INSERT OR IGNORE INTO sources(source_id,short_title,full_title,author,publication_year,source_type,file_name,notes) VALUES('BIB0043','دهخدا ،علی اکبر ()۳۷۳۱لغتنامه دهخدا ،تهران سازمان اسناد و کتابخانه ملی','دهخدا ،علی اکبر ()۳۷۳۱لغتنامه دهخدا ،تهران سازمان اسناد و کتابخانه ملی',NULL,NULL,'bibliography_books',NULL,'Cataloged from pp. 189-198 of S0001; raw Persian entry retained pending authority normalization.');
INSERT OR IGNORE INTO bibliography_entries VALUES('B0043','BIB0043','books','دهخدا ،علی اکبر ()۳۷۳۱لغتنامه دهخدا ،تهران سازمان اسناد و کتابخانه ملی','raw_ocr_reviewed',NULL);
INSERT OR IGNORE INTO sources(source_id,short_title,full_title,author,publication_year,source_type,file_name,notes) VALUES('BIB0044','دیوانبیگی ،میرزا حسین خان )۲۸۳۱(،خاطرات دیوان،بیگی مصحح ایرج افشار و محمدرسول ،دریا گشت ،ت','دیوانبیگی ،میرزا حسین خان )۲۸۳۱(،خاطرات دیوان،بیگی مصحح ایرج افشار و محمدرسول ،دریا گشت ،تهران ،انتشارات اساطیر',NULL,NULL,'bibliography_books',NULL,'Cataloged from pp. 189-198 of S0001; raw Persian entry retained pending authority normalization.');
INSERT OR IGNORE INTO bibliography_entries VALUES('B0044','BIB0044','books','دیوانبیگی ،میرزا حسین خان )۲۸۳۱(،خاطرات دیوان،بیگی مصحح ایرج افشار و محمدرسول ،دریا گشت ،تهران ،انتشارات اساطیر','raw_ocr_reviewed',NULL);
INSERT OR IGNORE INTO sources(source_id,short_title,full_title,author,publication_year,source_type,file_name,notes) VALUES('BIB0045','راوندی ،مرتضی ()۲۸۳۱تاریخ اجتماعی،ایران ،تهران ،انتشارات نگاه راوندی ،محمد بن علی ،)٤٦٣١(.','راوندی ،مرتضی ()۲۸۳۱تاریخ اجتماعی،ایران ،تهران ،انتشارات نگاه راوندی ،محمد بن علی ،)٤٦٣١(.راحة الصدور وآيةالسرور ،مصحح محمد اقبال و مجتبی مینوی ،تهران، اميركبير رایت ،دنیس ()٤٦٣١ایرانیان در میان انگلیسیها ترجمه کریم ،امامی ،تهران ،انتشارات میزان',NULL,NULL,'bibliography_books',NULL,'Cataloged from pp. 189-198 of S0001; raw Persian entry retained pending authority normalization.');
INSERT OR IGNORE INTO bibliography_entries VALUES('B0045','BIB0045','books','راوندی ،مرتضی ()۲۸۳۱تاریخ اجتماعی،ایران ،تهران ،انتشارات نگاه راوندی ،محمد بن علی ،)٤٦٣١(.راحة الصدور وآيةالسرور ،مصحح محمد اقبال و مجتبی مینوی ،تهران، اميركبير رایت ،دنیس ()٤٦٣١ایرانیان در میان انگلیسیها ترجمه کریم ،امامی ،تهران ،انتشارات میزان','raw_ocr_reviewed',NULL);
INSERT OR IGNORE INTO sources(source_id,short_title,full_title,author,publication_year,source_type,file_name,notes) VALUES('BIB0046','رشوند ،محمد علیخان ( ،)۹۷۳۱مجمل رشوند مصحح منوچهر ستوده و عنایتالله مجیدی ،تهران ،میراث مك','رشوند ،محمد علیخان ( ،)۹۷۳۱مجمل رشوند مصحح منوچهر ستوده و عنایتالله مجیدی ،تهران ،میراث مكتوب الله رحمانی تهران کتابخانه جمهوری',NULL,NULL,'bibliography_books',NULL,'Cataloged from pp. 189-198 of S0001; raw Persian entry retained pending authority normalization.');
INSERT OR IGNORE INTO bibliography_entries VALUES('B0046','BIB0046','books','رشوند ،محمد علیخان ( ،)۹۷۳۱مجمل رشوند مصحح منوچهر ستوده و عنایتالله مجیدی ،تهران ،میراث مكتوب الله رحمانی تهران کتابخانه جمهوری','raw_ocr_reviewed',NULL);
INSERT OR IGNORE INTO sources(source_id,short_title,full_title,author,publication_year,source_type,file_name,notes) VALUES('BIB0047','روزنامه دولت علیه ایران ()۰۷۳۱به اهتمام جمشید کیانفر و عنایت اسلامی ایران','روزنامه دولت علیه ایران ()۰۷۳۱به اهتمام جمشید کیانفر و عنایت اسلامی ایران',NULL,NULL,'bibliography_books',NULL,'Cataloged from pp. 189-198 of S0001; raw Persian entry retained pending authority normalization.');
INSERT OR IGNORE INTO bibliography_entries VALUES('B0047','BIB0047','books','روزنامه دولت علیه ایران ()۰۷۳۱به اهتمام جمشید کیانفر و عنایت اسلامی ایران','raw_ocr_reviewed',NULL);
INSERT OR IGNORE INTO sources(source_id,short_title,full_title,author,publication_year,source_type,file_name,notes) VALUES('BIB0048','روزنامه دولت علیه ایران ()۲۷۳۱به اهتمام جمشید کیانفر و عنایتالله رحمانی تهران ،کتابخانه جم','روزنامه دولت علیه ایران ()۲۷۳۱به اهتمام جمشید کیانفر و عنایتالله رحمانی تهران ،کتابخانه جمهوری اسلامی ایران',NULL,NULL,'bibliography_books',NULL,'Cataloged from pp. 189-198 of S0001; raw Persian entry retained pending authority normalization.');
INSERT OR IGNORE INTO bibliography_entries VALUES('B0048','BIB0048','books','روزنامه دولت علیه ایران ()۲۷۳۱به اهتمام جمشید کیانفر و عنایتالله رحمانی تهران ،کتابخانه جمهوری اسلامی ایران','raw_ocr_reviewed',NULL);
INSERT OR IGNORE INTO sources(source_id,short_title,full_title,author,publication_year,source_type,file_name,notes) VALUES('BIB0049','،رهربرن کلاوس میشائل ( ،)۷۵۳۱نظام ایالات در دوره صفویه ترجمه کیکاوس جهانداری تهران بنگاه ت','،رهربرن کلاوس میشائل ( ،)۷۵۳۱نظام ایالات در دوره صفویه ترجمه کیکاوس جهانداری تهران بنگاه ترجمه و نشر کتاب',NULL,NULL,'bibliography_books',NULL,'Cataloged from pp. 189-198 of S0001; raw Persian entry retained pending authority normalization.');
INSERT OR IGNORE INTO bibliography_entries VALUES('B0049','BIB0049','books','،رهربرن کلاوس میشائل ( ،)۷۵۳۱نظام ایالات در دوره صفویه ترجمه کیکاوس جهانداری تهران بنگاه ترجمه و نشر کتاب','raw_ocr_reviewed',NULL);
INSERT OR IGNORE INTO sources(source_id,short_title,full_title,author,publication_year,source_type,file_name,notes) VALUES('BIB0050','زجاجی ،حکیم ()۳۸۳۱همایون نامه؛ تاریخ منظوم زجاجی مصحح علی پیرنیا ،تهران ،نشر آثار ،ژوبر ،پ','زجاجی ،حکیم ()۳۸۳۱همایون نامه؛ تاریخ منظوم زجاجی مصحح علی پیرنیا ،تهران ،نشر آثار ،ژوبر ،پیرآمدی ()٧٤٣١مسافرت در ارمنستان و ،ایران ترجمه علیقلی اعتماد ،مقدم ،تهران ،نشر بنیاد فرهنگ ایران',NULL,NULL,'bibliography_books',NULL,'Cataloged from pp. 189-198 of S0001; raw Persian entry retained pending authority normalization.');
INSERT OR IGNORE INTO bibliography_entries VALUES('B0050','BIB0050','books','زجاجی ،حکیم ()۳۸۳۱همایون نامه؛ تاریخ منظوم زجاجی مصحح علی پیرنیا ،تهران ،نشر آثار ،ژوبر ،پیرآمدی ()٧٤٣١مسافرت در ارمنستان و ،ایران ترجمه علیقلی اعتماد ،مقدم ،تهران ،نشر بنیاد فرهنگ ایران','raw_ocr_reviewed',NULL);
INSERT OR IGNORE INTO sources(source_id,short_title,full_title,author,publication_year,source_type,file_name,notes) VALUES('BIB0051','ساروی ،محمد فتحالله ( ،)۱۷۳۱تاریخ محمدی (احسن التواريخ مصحح غلامرضا طباطبایی مجد ،تهران، ا','ساروی ،محمد فتحالله ( ،)۱۷۳۱تاریخ محمدی (احسن التواريخ مصحح غلامرضا طباطبایی مجد ،تهران، انتشارات امیرکبیر',NULL,NULL,'bibliography_books',NULL,'Cataloged from pp. 189-198 of S0001; raw Persian entry retained pending authority normalization.');
INSERT OR IGNORE INTO bibliography_entries VALUES('B0051','BIB0051','books','ساروی ،محمد فتحالله ( ،)۱۷۳۱تاریخ محمدی (احسن التواريخ مصحح غلامرضا طباطبایی مجد ،تهران، انتشارات امیرکبیر','raw_ocr_reviewed',NULL);
INSERT OR IGNORE INTO sources(source_id,short_title,full_title,author,publication_year,source_type,file_name,notes) VALUES('BIB0052','سالور عين السلطنه قهرمان میرزا ( ،)۴۷۳۱روزنامه خاطرات عینالسلطنه ،مصحح مسعود سالور و ایرج ','سالور عين السلطنه قهرمان میرزا ( ،)۴۷۳۱روزنامه خاطرات عینالسلطنه ،مصحح مسعود سالور و ایرج افشار ،تهران ،انتشارات اساطیر',NULL,NULL,'bibliography_books',NULL,'Cataloged from pp. 189-198 of S0001; raw Persian entry retained pending authority normalization.');
INSERT OR IGNORE INTO bibliography_entries VALUES('B0052','BIB0052','books','سالور عين السلطنه قهرمان میرزا ( ،)۴۷۳۱روزنامه خاطرات عینالسلطنه ،مصحح مسعود سالور و ایرج افشار ،تهران ،انتشارات اساطیر','raw_ocr_reviewed',NULL);
INSERT OR IGNORE INTO sources(source_id,short_title,full_title,author,publication_year,source_type,file_name,notes) VALUES('BIB0053','سایکس ،سرپرسی ()۰۸۳۱تاریخ ایران ترجمه سید محمدتقی فخرداعی گیلانی ،تهران ،نشر افسون.','سایکس ،سرپرسی ()۰۸۳۱تاریخ ایران ترجمه سید محمدتقی فخرداعی گیلانی ،تهران ،نشر افسون.',NULL,NULL,'bibliography_books',NULL,'Cataloged from pp. 189-198 of S0001; raw Persian entry retained pending authority normalization.');
INSERT OR IGNORE INTO bibliography_entries VALUES('B0053','BIB0053','books','سایکس ،سرپرسی ()۰۸۳۱تاریخ ایران ترجمه سید محمدتقی فخرداعی گیلانی ،تهران ،نشر افسون.','raw_ocr_reviewed',NULL);
INSERT OR IGNORE INTO sources(source_id,short_title,full_title,author,publication_year,source_type,file_name,notes) VALUES('BIB0054','سپهر ،احمد علی ()۶۳۳۱ایران درجنگ بزرگ ۴۱۹۱ ۸۱۹۱تهران ،چاپخانه بانک ملی ایران','سپهر ،احمد علی ()۶۳۳۱ایران درجنگ بزرگ ۴۱۹۱ ۸۱۹۱تهران ،چاپخانه بانک ملی ایران',NULL,NULL,'bibliography_books',NULL,'Cataloged from pp. 189-198 of S0001; raw Persian entry retained pending authority normalization.');
INSERT OR IGNORE INTO bibliography_entries VALUES('B0054','BIB0054','books','سپهر ،احمد علی ()۶۳۳۱ایران درجنگ بزرگ ۴۱۹۱ ۸۱۹۱تهران ،چاپخانه بانک ملی ایران','raw_ocr_reviewed',NULL);
INSERT OR IGNORE INTO sources(source_id,short_title,full_title,author,publication_year,source_type,file_name,notes) VALUES('BIB0055','سپهر ،عبدالحسین ( ،)۶۸۳۱مرآتالوقایع مظفری ،مصحح عبدالحسین نوایی ،تهران ،میراث مکتوب.','سپهر ،عبدالحسین ( ،)۶۸۳۱مرآتالوقایع مظفری ،مصحح عبدالحسین نوایی ،تهران ،میراث مکتوب.',NULL,NULL,'bibliography_books',NULL,'Cataloged from pp. 189-198 of S0001; raw Persian entry retained pending authority normalization.');
INSERT OR IGNORE INTO bibliography_entries VALUES('B0055','BIB0055','books','سپهر ،عبدالحسین ( ،)۶۸۳۱مرآتالوقایع مظفری ،مصحح عبدالحسین نوایی ،تهران ،میراث مکتوب.','raw_ocr_reviewed',NULL);
INSERT OR IGNORE INTO sources(source_id,short_title,full_title,author,publication_year,source_type,file_name,notes) VALUES('BIB0056','سپهر ،محمدتقی لسان الملک ( ،)۷۳۳۱ناسخالتواریخ به کوشش جهانگیر قائم مقامی ،تهران ،امیرکبیر.','سپهر ،محمدتقی لسان الملک ( ،)۷۳۳۱ناسخالتواریخ به کوشش جهانگیر قائم مقامی ،تهران ،امیرکبیر. سرابی ،حسینبن عبدالله ()١٦٣١سفرنامه فرخخان امین الدوله؛ مخزن الوقایع ،مصحح کریم اصفهانیان و الله ،روشنی تهران ،انتشارات اساطیر قدرت',NULL,NULL,'bibliography_books',NULL,'Cataloged from pp. 189-198 of S0001; raw Persian entry retained pending authority normalization.');
INSERT OR IGNORE INTO bibliography_entries VALUES('B0056','BIB0056','books','سپهر ،محمدتقی لسان الملک ( ،)۷۳۳۱ناسخالتواریخ به کوشش جهانگیر قائم مقامی ،تهران ،امیرکبیر. سرابی ،حسینبن عبدالله ()١٦٣١سفرنامه فرخخان امین الدوله؛ مخزن الوقایع ،مصحح کریم اصفهانیان و الله ،روشنی تهران ،انتشارات اساطیر قدرت','raw_ocr_reviewed',NULL);
INSERT OR IGNORE INTO sources(source_id,short_title,full_title,author,publication_year,source_type,file_name,notes) VALUES('BIB0057','سیرجانی ،سعید ( ،)۳۸۳۱وقایع اتفاقیه ،مصحح سعیدی سیرجانی ،تهران ،انتشارات آسیم.','سیرجانی ،سعید ( ،)۳۸۳۱وقایع اتفاقیه ،مصحح سعیدی سیرجانی ،تهران ،انتشارات آسیم.',NULL,NULL,'bibliography_books',NULL,'Cataloged from pp. 189-198 of S0001; raw Persian entry retained pending authority normalization.');
INSERT OR IGNORE INTO bibliography_entries VALUES('B0057','BIB0057','books','سیرجانی ،سعید ( ،)۳۸۳۱وقایع اتفاقیه ،مصحح سعیدی سیرجانی ،تهران ،انتشارات آسیم.','raw_ocr_reviewed',NULL);
INSERT OR IGNORE INTO sources(source_id,short_title,full_title,author,publication_year,source_type,file_name,notes) VALUES('BIB0058','سومر ،فاروق ( ،)۰۹۳۱تاریخ غزها (ترکمنها ،تاریخ ،تشکیلات طایفه ای وحماسهها ،ترجمه وهاب ولی،','سومر ،فاروق ( ،)۰۹۳۱تاریخ غزها (ترکمنها ،تاریخ ،تشکیلات طایفه ای وحماسهها ،ترجمه وهاب ولی، تهران پژوهشگاه علوم انسانی و مطالعات فرهنگی',NULL,NULL,'bibliography_books',NULL,'Cataloged from pp. 189-198 of S0001; raw Persian entry retained pending authority normalization.');
INSERT OR IGNORE INTO bibliography_entries VALUES('B0058','BIB0058','books','سومر ،فاروق ( ،)۰۹۳۱تاریخ غزها (ترکمنها ،تاریخ ،تشکیلات طایفه ای وحماسهها ،ترجمه وهاب ولی، تهران پژوهشگاه علوم انسانی و مطالعات فرهنگی','raw_ocr_reviewed',NULL);
INSERT OR IGNORE INTO sources(source_id,short_title,full_title,author,publication_year,source_type,file_name,notes) VALUES('BIB0059','سومر ،فاروق ()۱۷۳۱نقش ترکان آناطولی در تشکیل دولت صفوی دکتر احسان اشراقی و محمدتقی امامی ،','سومر ،فاروق ()۱۷۳۱نقش ترکان آناطولی در تشکیل دولت صفوی دکتر احسان اشراقی و محمدتقی امامی ،خونی تهران گستره',NULL,NULL,'bibliography_books',NULL,'Cataloged from pp. 189-198 of S0001; raw Persian entry retained pending authority normalization.');
INSERT OR IGNORE INTO bibliography_entries VALUES('B0059','BIB0059','books','سومر ،فاروق ()۱۷۳۱نقش ترکان آناطولی در تشکیل دولت صفوی دکتر احسان اشراقی و محمدتقی امامی ،خونی تهران گستره','raw_ocr_reviewed',NULL);
INSERT OR IGNORE INTO sources(source_id,short_title,full_title,author,publication_year,source_type,file_name,notes) VALUES('BIB0060','()۲۷۳۱سفرنامه شاردن ترجمه اقبال ،یغمایی ،تهران ،انتشارات توس','()۲۷۳۱سفرنامه شاردن ترجمه اقبال ،یغمایی ،تهران ،انتشارات توس',NULL,NULL,'bibliography_books',NULL,'Cataloged from pp. 189-198 of S0001; raw Persian entry retained pending authority normalization.');
INSERT OR IGNORE INTO bibliography_entries VALUES('B0060','BIB0060','books','()۲۷۳۱سفرنامه شاردن ترجمه اقبال ،یغمایی ،تهران ،انتشارات توس','raw_ocr_reviewed',NULL);
INSERT OR IGNORE INTO sources(source_id,short_title,full_title,author,publication_year,source_type,file_name,notes) VALUES('BIB0061','لی رضا ( ،)۷۷۳۱تاریخ تحولات سیاسی و اجتماعی ایران در دوره افشاریه و زندیه تهران ،سمت','لی رضا ( ،)۷۷۳۱تاریخ تحولات سیاسی و اجتماعی ایران در دوره افشاریه و زندیه تهران ،سمت',NULL,NULL,'bibliography_books',NULL,'Cataloged from pp. 189-198 of S0001; raw Persian entry retained pending authority normalization.');
INSERT OR IGNORE INTO bibliography_entries VALUES('B0061','BIB0061','books','لی رضا ( ،)۷۷۳۱تاریخ تحولات سیاسی و اجتماعی ایران در دوره افشاریه و زندیه تهران ،سمت','raw_ocr_reviewed',NULL);
INSERT OR IGNORE INTO sources(source_id,short_title,full_title,author,publication_year,source_type,file_name,notes) VALUES('BIB0062','لی حسینقلی خان ()۳۵۳۱خاطرات ممتحنالدوله مصحح حسینقلی خان شقاقی ،تهران ،انتشارات مبركبير رس','لی حسینقلی خان ()۳۵۳۱خاطرات ممتحنالدوله مصحح حسینقلی خان شقاقی ،تهران ،انتشارات مبركبير رست مورگان ()٤٤٣١اختناق ،ایران ترجمه ابوالحسن شوشتری ،تهران ،صفیعلیشاه',NULL,NULL,'bibliography_books',NULL,'Cataloged from pp. 189-198 of S0001; raw Persian entry retained pending authority normalization.');
INSERT OR IGNORE INTO bibliography_entries VALUES('B0062','BIB0062','books','لی حسینقلی خان ()۳۵۳۱خاطرات ممتحنالدوله مصحح حسینقلی خان شقاقی ،تهران ،انتشارات مبركبير رست مورگان ()٤٤٣١اختناق ،ایران ترجمه ابوالحسن شوشتری ،تهران ،صفیعلیشاه','raw_ocr_reviewed',NULL);
INSERT OR IGNORE INTO sources(source_id,short_title,full_title,author,publication_year,source_type,file_name,notes) VALUES('BIB0063','م علیاصغر ()۷۸۳۱ایران دردوره سلطنت قاجار ،تهران ،انتشارات بهزاد. یرازی ،ابنعبد الكريم محمد','م علیاصغر ()۷۸۳۱ایران دردوره سلطنت قاجار ،تهران ،انتشارات بهزاد. یرازی ،ابنعبد الكريم محمدرضا ()٥٦٣١تاریخ زندیه تصحیح ارنست بئیر تهران گستره',NULL,NULL,'bibliography_books',NULL,'Cataloged from pp. 189-198 of S0001; raw Persian entry retained pending authority normalization.');
INSERT OR IGNORE INTO bibliography_entries VALUES('B0063','BIB0063','books','م علیاصغر ()۷۸۳۱ایران دردوره سلطنت قاجار ،تهران ،انتشارات بهزاد. یرازی ،ابنعبد الكريم محمدرضا ()٥٦٣١تاریخ زندیه تصحیح ارنست بئیر تهران گستره','raw_ocr_reviewed',NULL);
INSERT OR IGNORE INTO sources(source_id,short_title,full_title,author,publication_year,source_type,file_name,notes) VALUES('BIB0064','برازی ،احمد دیوان بیگی (بی تا)حديقة الشعراء ،مصحح عبدالحسین نوایی ،تهران ،بیجا.','برازی ،احمد دیوان بیگی (بی تا)حديقة الشعراء ،مصحح عبدالحسین نوایی ،تهران ،بیجا.',NULL,NULL,'bibliography_books',NULL,'Cataloged from pp. 189-198 of S0001; raw Persian entry retained pending authority normalization.');
INSERT OR IGNORE INTO bibliography_entries VALUES('B0064','BIB0064','books','برازی ،احمد دیوان بیگی (بی تا)حديقة الشعراء ،مصحح عبدالحسین نوایی ،تهران ،بیجا.','raw_ocr_reviewed',NULL);
INSERT OR IGNORE INTO sources(source_id,short_title,full_title,author,publication_year,source_type,file_name,notes) VALUES('BIB0065','نیروانی ،زین العابدين ()۸۸۳۱بستانالسیاحه ،مصحح منیژه محمودی ،تهران ،نشر حقیقت.','نیروانی ،زین العابدين ()۸۸۳۱بستانالسیاحه ،مصحح منیژه محمودی ،تهران ،نشر حقیقت.',NULL,NULL,'bibliography_books',NULL,'Cataloged from pp. 189-198 of S0001; raw Persian entry retained pending authority normalization.');
INSERT OR IGNORE INTO bibliography_entries VALUES('B0065','BIB0065','books','نیروانی ،زین العابدين ()۸۸۳۱بستانالسیاحه ،مصحح منیژه محمودی ،تهران ،نشر حقیقت.','raw_ocr_reviewed',NULL);
INSERT OR IGNORE INTO sources(source_id,short_title,full_title,author,publication_year,source_type,file_name,notes) VALUES('BIB0066','نل لیدی ( ،)۸۶۳۱خاطرات ترجمه حسین ابوترابیان تهران نشر نو مقایی ،ابراهیم ()٥٤٣١پنجاه نامه ','نل لیدی ( ،)۸۶۳۱خاطرات ترجمه حسین ابوترابیان تهران نشر نو مقایی ،ابراهیم ()٥٤٣١پنجاه نامه تاریخی دوران قاجاریه ،تهران ،نشر بابک صفایی ابراهیم ()٢٦٣١رهبران مشروطه ،تهران ،انتشارات جاویدان ظهیرالدوله ،علیخان ( ،)٧٦٣١خاطرات واسناد ظهیرالدوله ،مصحح ایرج افشار ،تهران ،نشر زرین',NULL,NULL,'bibliography_books',NULL,'Cataloged from pp. 189-198 of S0001; raw Persian entry retained pending authority normalization.');
INSERT OR IGNORE INTO bibliography_entries VALUES('B0066','BIB0066','books','نل لیدی ( ،)۸۶۳۱خاطرات ترجمه حسین ابوترابیان تهران نشر نو مقایی ،ابراهیم ()٥٤٣١پنجاه نامه تاریخی دوران قاجاریه ،تهران ،نشر بابک صفایی ابراهیم ()٢٦٣١رهبران مشروطه ،تهران ،انتشارات جاویدان ظهیرالدوله ،علیخان ( ،)٧٦٣١خاطرات واسناد ظهیرالدوله ،مصحح ایرج افشار ،تهران ،نشر زرین','raw_ocr_reviewed',NULL);
INSERT OR IGNORE INTO sources(source_id,short_title,full_title,author,publication_year,source_type,file_name,notes) VALUES('BIB0067','ظهیر الدین نیشابوری خواجه امام ( ،)۲۳۳۱سلجوقنامه تهران ،نشر خاور','ظهیر الدین نیشابوری خواجه امام ( ،)۲۳۳۱سلجوقنامه تهران ،نشر خاور',NULL,NULL,'bibliography_books',NULL,'Cataloged from pp. 189-198 of S0001; raw Persian entry retained pending authority normalization.');
INSERT OR IGNORE INTO bibliography_entries VALUES('B0067','BIB0067','books','ظهیر الدین نیشابوری خواجه امام ( ،)۲۳۳۱سلجوقنامه تهران ،نشر خاور','raw_ocr_reviewed',NULL);
INSERT OR IGNORE INTO sources(source_id,short_title,full_title,author,publication_year,source_type,file_name,notes) VALUES('BIB0068','عاقلی ،باقر ()۱۸۳۱خاندانهای حکومتگر،ایران ،تهران ،نشرعلم','عاقلی ،باقر ()۱۸۳۱خاندانهای حکومتگر،ایران ،تهران ،نشرعلم',NULL,NULL,'bibliography_books',NULL,'Cataloged from pp. 189-198 of S0001; raw Persian entry retained pending authority normalization.');
INSERT OR IGNORE INTO bibliography_entries VALUES('B0068','BIB0068','books','عاقلی ،باقر ()۱۸۳۱خاندانهای حکومتگر،ایران ،تهران ،نشرعلم','raw_ocr_reviewed',NULL);
INSERT OR IGNORE INTO sources(source_id,short_title,full_title,author,publication_year,source_type,file_name,notes) VALUES('BIB0069','عضدالملک علیرضا ()۰۷۳۱سفرنامه عضدالملک به عتبات مصحح حسن مرسلوند ،تهران ،مؤسسه پژوهش و مطا','عضدالملک علیرضا ()۰۷۳۱سفرنامه عضدالملک به عتبات مصحح حسن مرسلوند ،تهران ،مؤسسه پژوهش و مطالعات فرهنگی',NULL,NULL,'bibliography_books',NULL,'Cataloged from pp. 189-198 of S0001; raw Persian entry retained pending authority normalization.');
INSERT OR IGNORE INTO bibliography_entries VALUES('B0069','BIB0069','books','عضدالملک علیرضا ()۰۷۳۱سفرنامه عضدالملک به عتبات مصحح حسن مرسلوند ،تهران ،مؤسسه پژوهش و مطالعات فرهنگی','raw_ocr_reviewed',NULL);
INSERT OR IGNORE INTO sources(source_id,short_title,full_title,author,publication_year,source_type,file_name,notes) VALUES('BIB0070','علوی ،سید ابوالحسن ()۳۶۳۱رجال عصر مشروطیت به کوشش حبیب یغمایی و ایرج افشار ،تهران انتشارات','علوی ،سید ابوالحسن ()۳۶۳۱رجال عصر مشروطیت به کوشش حبیب یغمایی و ایرج افشار ،تهران انتشارات اساطير',NULL,NULL,'bibliography_books',NULL,'Cataloged from pp. 189-198 of S0001; raw Persian entry retained pending authority normalization.');
INSERT OR IGNORE INTO bibliography_entries VALUES('B0070','BIB0070','books','علوی ،سید ابوالحسن ()۳۶۳۱رجال عصر مشروطیت به کوشش حبیب یغمایی و ایرج افشار ،تهران انتشارات اساطير','raw_ocr_reviewed',NULL);
INSERT OR IGNORE INTO sources(source_id,short_title,full_title,author,publication_year,source_type,file_name,notes) VALUES('BIB0071','عمید ،حسن ( ،)۹۸۳۱فرهنگ ،عمید تهران ،انتشارات شهرزاد','عمید ،حسن ( ،)۹۸۳۱فرهنگ ،عمید تهران ،انتشارات شهرزاد',NULL,NULL,'bibliography_books',NULL,'Cataloged from pp. 189-198 of S0001; raw Persian entry retained pending authority normalization.');
INSERT OR IGNORE INTO bibliography_entries VALUES('B0071','BIB0071','books','عمید ،حسن ( ،)۹۸۳۱فرهنگ ،عمید تهران ،انتشارات شهرزاد','raw_ocr_reviewed',NULL);
INSERT OR IGNORE INTO sources(source_id,short_title,full_title,author,publication_year,source_type,file_name,notes) VALUES('BIB0072','غفاری کاشانی ،ابوالحسن ()۹۶۳۱گلشن مراد به اهتمام غلامرضا طباطبایی نجد تهران زرین','غفاری کاشانی ،ابوالحسن ()۹۶۳۱گلشن مراد به اهتمام غلامرضا طباطبایی نجد تهران زرین',NULL,NULL,'bibliography_books',NULL,'Cataloged from pp. 189-198 of S0001; raw Persian entry retained pending authority normalization.');
INSERT OR IGNORE INTO bibliography_entries VALUES('B0072','BIB0072','books','غفاری کاشانی ،ابوالحسن ()۹۶۳۱گلشن مراد به اهتمام غلامرضا طباطبایی نجد تهران زرین','raw_ocr_reviewed',NULL);
INSERT OR IGNORE INTO sources(source_id,short_title,full_title,author,publication_year,source_type,file_name,notes) VALUES('BIB0073','غنی ،سیروس ()۷۷۳۱یادداشتهای قاسم غنی ،تهران زوار','غنی ،سیروس ()۷۷۳۱یادداشتهای قاسم غنی ،تهران زوار',NULL,NULL,'bibliography_books',NULL,'Cataloged from pp. 189-198 of S0001; raw Persian entry retained pending authority normalization.');
INSERT OR IGNORE INTO bibliography_entries VALUES('B0073','BIB0073','books','غنی ،سیروس ()۷۷۳۱یادداشتهای قاسم غنی ،تهران زوار','raw_ocr_reviewed',NULL);
INSERT OR IGNORE INTO sources(source_id,short_title,full_title,author,publication_year,source_type,file_name,notes) VALUES('BIB0074','فتنه شیخ عبدالله کرد ،)۰۹۳۱(.به کوشش یوسف بیگ باباپور و مسعود ،غلامیه ،تهران ،کتابخانه ،مو','فتنه شیخ عبدالله کرد ،)۰۹۳۱(.به کوشش یوسف بیگ باباپور و مسعود ،غلامیه ،تهران ،کتابخانه ،موزه و مرکز اسناد مجلس شورای اسلامی',NULL,NULL,'bibliography_books',NULL,'Cataloged from pp. 189-198 of S0001; raw Persian entry retained pending authority normalization.');
INSERT OR IGNORE INTO bibliography_entries VALUES('B0074','BIB0074','books','فتنه شیخ عبدالله کرد ،)۰۹۳۱(.به کوشش یوسف بیگ باباپور و مسعود ،غلامیه ،تهران ،کتابخانه ،موزه و مرکز اسناد مجلس شورای اسلامی','raw_ocr_reviewed',NULL);
INSERT OR IGNORE INTO sources(source_id,short_title,full_title,author,publication_year,source_type,file_name,notes) VALUES('BIB0075','فراهانی ،حسن ( ،)۵۸۳۱روزشمار تاریخ معاصر،ایران ،تهران موسسه مطالعات و پژوهشهای سیاسی','فراهانی ،حسن ( ،)۵۸۳۱روزشمار تاریخ معاصر،ایران ،تهران موسسه مطالعات و پژوهشهای سیاسی',NULL,NULL,'bibliography_books',NULL,'Cataloged from pp. 189-198 of S0001; raw Persian entry retained pending authority normalization.');
INSERT OR IGNORE INTO bibliography_entries VALUES('B0075','BIB0075','books','فراهانی ،حسن ( ،)۵۸۳۱روزشمار تاریخ معاصر،ایران ،تهران موسسه مطالعات و پژوهشهای سیاسی','raw_ocr_reviewed',NULL);
INSERT OR IGNORE INTO sources(source_id,short_title,full_title,author,publication_year,source_type,file_name,notes) VALUES('BIB0076','فرمانفرما ،عبدالحسین میرزا ()۳۸۳۱مسافرت نامه کرمان و بلوچستان مصحح ایرج افشار ،تهران، انتش','فرمانفرما ،عبدالحسین میرزا ()۳۸۳۱مسافرت نامه کرمان و بلوچستان مصحح ایرج افشار ،تهران، انتشارات اساطير',NULL,NULL,'bibliography_books',NULL,'Cataloged from pp. 189-198 of S0001; raw Persian entry retained pending authority normalization.');
INSERT OR IGNORE INTO bibliography_entries VALUES('B0076','BIB0076','books','فرمانفرما ،عبدالحسین میرزا ()۳۸۳۱مسافرت نامه کرمان و بلوچستان مصحح ایرج افشار ،تهران، انتشارات اساطير','raw_ocr_reviewed',NULL);
INSERT OR IGNORE INTO sources(source_id,short_title,full_title,author,publication_year,source_type,file_name,notes) VALUES('BIB0077','فرمانفرما ،فیروز میرزا ()۰۸۳۱سفرنامه کرمان و،بلوچستان مصحح منصوره اتحادیه و سعاد ،پیرا ،ته','فرمانفرما ،فیروز میرزا ()۰۸۳۱سفرنامه کرمان و،بلوچستان مصحح منصوره اتحادیه و سعاد ،پیرا ،تهران نشر تاریخ ایران',NULL,NULL,'bibliography_books',NULL,'Cataloged from pp. 189-198 of S0001; raw Persian entry retained pending authority normalization.');
INSERT OR IGNORE INTO bibliography_entries VALUES('B0077','BIB0077','books','فرمانفرما ،فیروز میرزا ()۰۸۳۱سفرنامه کرمان و،بلوچستان مصحح منصوره اتحادیه و سعاد ،پیرا ،تهران نشر تاریخ ایران','raw_ocr_reviewed',NULL);
INSERT OR IGNORE INTO sources(source_id,short_title,full_title,author,publication_year,source_type,file_name,notes) VALUES('BIB0078','فرمانفرما ،فیروز میرزا ( ،)۷۷۳۱نامههای حکومتی فیروز میرزا فرمانفرما ،مصحح فتحالله کشاورز ،','فرمانفرما ،فیروز میرزا ( ،)۷۷۳۱نامههای حکومتی فیروز میرزا فرمانفرما ،مصحح فتحالله کشاورز ،تهران، کتابخانه و سازمان استاد ملی ایران',NULL,NULL,'bibliography_books',NULL,'Cataloged from pp. 189-198 of S0001; raw Persian entry retained pending authority normalization.');
INSERT OR IGNORE INTO bibliography_entries VALUES('B0078','BIB0078','books','فرمانفرما ،فیروز میرزا ( ،)۷۷۳۱نامههای حکومتی فیروز میرزا فرمانفرما ،مصحح فتحالله کشاورز ،تهران، کتابخانه و سازمان استاد ملی ایران','raw_ocr_reviewed',NULL);
INSERT OR IGNORE INTO sources(source_id,short_title,full_title,author,publication_year,source_type,file_name,notes) VALUES('BIB0079','فرمانها و رقمهای دوره قاجار ()۲۷۳۱به کوشش رضا ،فراستی ،تهران مؤسسه پژوهشها و مطالعات فرهنگ','فرمانها و رقمهای دوره قاجار ()۲۷۳۱به کوشش رضا ،فراستی ،تهران مؤسسه پژوهشها و مطالعات فرهنگی',NULL,NULL,'bibliography_books',NULL,'Cataloged from pp. 189-198 of S0001; raw Persian entry retained pending authority normalization.');
INSERT OR IGNORE INTO bibliography_entries VALUES('B0079','BIB0079','books','فرمانها و رقمهای دوره قاجار ()۲۷۳۱به کوشش رضا ،فراستی ،تهران مؤسسه پژوهشها و مطالعات فرهنگی','raw_ocr_reviewed',NULL);
INSERT OR IGNORE INTO sources(source_id,short_title,full_title,author,publication_year,source_type,file_name,notes) VALUES('BIB0080','فروتن ،مجید ()۰۹۳۱همدان در جنگ جهانیاول ،تهران سازمان اسناد و کتابخانه ملی فرهاد میرزا ()٦','فروتن ،مجید ()۰۹۳۱همدان در جنگ جهانیاول ،تهران سازمان اسناد و کتابخانه ملی فرهاد میرزا ()٦٦٣١سفرنامه فرهاد ،میرزا مصحح غلامرضا طباطبایی ،مجد تهران ،مؤسسه مطبوعاتی علمی',NULL,NULL,'bibliography_books',NULL,'Cataloged from pp. 189-198 of S0001; raw Persian entry retained pending authority normalization.');
INSERT OR IGNORE INTO bibliography_entries VALUES('B0080','BIB0080','books','فروتن ،مجید ()۰۹۳۱همدان در جنگ جهانیاول ،تهران سازمان اسناد و کتابخانه ملی فرهاد میرزا ()٦٦٣١سفرنامه فرهاد ،میرزا مصحح غلامرضا طباطبایی ،مجد تهران ،مؤسسه مطبوعاتی علمی','raw_ocr_reviewed',NULL);
INSERT OR IGNORE INTO sources(source_id,short_title,full_title,author,publication_year,source_type,file_name,notes) VALUES('BIB0081','،فوران جان ()۲۹۳۱مقاومت شکننده ترجمه احمد ،تدین ،تهران ،انتشارات رسا','،فوران جان ()۲۹۳۱مقاومت شکننده ترجمه احمد ،تدین ،تهران ،انتشارات رسا',NULL,NULL,'bibliography_books',NULL,'Cataloged from pp. 189-198 of S0001; raw Persian entry retained pending authority normalization.');
INSERT OR IGNORE INTO bibliography_entries VALUES('B0081','BIB0081','books','،فوران جان ()۲۹۳۱مقاومت شکننده ترجمه احمد ،تدین ،تهران ،انتشارات رسا','raw_ocr_reviewed',NULL);
INSERT OR IGNORE INTO sources(source_id,short_title,full_title,author,publication_year,source_type,file_name,notes) VALUES('BIB0082','فروریه ژوانس ()۵۸۳۱سه سال در دربار،ایران ترجمه عباس اقبال آشتیانی ،تهران ،انتشارات علم','فروریه ژوانس ()۵۸۳۱سه سال در دربار،ایران ترجمه عباس اقبال آشتیانی ،تهران ،انتشارات علم',NULL,NULL,'bibliography_books',NULL,'Cataloged from pp. 189-198 of S0001; raw Persian entry retained pending authority normalization.');
INSERT OR IGNORE INTO bibliography_entries VALUES('B0082','BIB0082','books','فروریه ژوانس ()۵۸۳۱سه سال در دربار،ایران ترجمه عباس اقبال آشتیانی ،تهران ،انتشارات علم','raw_ocr_reviewed',NULL);
INSERT OR IGNORE INTO sources(source_id,short_title,full_title,author,publication_year,source_type,file_name,notes) VALUES('BIB0083','قاجار ،ناصر الدین شاه ()۱۷۳۱روزنامه خاطرات ناصرالدینشاه در سفر سوم فرنگستان ،مصحح فاطمه قا','قاجار ،ناصر الدین شاه ()۱۷۳۱روزنامه خاطرات ناصرالدینشاه در سفر سوم فرنگستان ،مصحح فاطمه قاضيها ،تهران کتابخانه و سازمان اسناد ملی ایران',NULL,NULL,'bibliography_books',NULL,'Cataloged from pp. 189-198 of S0001; raw Persian entry retained pending authority normalization.');
INSERT OR IGNORE INTO bibliography_entries VALUES('B0083','BIB0083','books','قاجار ،ناصر الدین شاه ()۱۷۳۱روزنامه خاطرات ناصرالدینشاه در سفر سوم فرنگستان ،مصحح فاطمه قاضيها ،تهران کتابخانه و سازمان اسناد ملی ایران','raw_ocr_reviewed',NULL);
INSERT OR IGNORE INTO sources(source_id,short_title,full_title,author,publication_year,source_type,file_name,notes) VALUES('BIB0084','قاجار ناصرالدین شاه )۲۹۳۱(،سفرنامه نامه عراق عجم ،تهران ،نشر تیراژه','قاجار ناصرالدین شاه )۲۹۳۱(،سفرنامه نامه عراق عجم ،تهران ،نشر تیراژه',NULL,NULL,'bibliography_books',NULL,'Cataloged from pp. 189-198 of S0001; raw Persian entry retained pending authority normalization.');
INSERT OR IGNORE INTO bibliography_entries VALUES('B0084','BIB0084','books','قاجار ناصرالدین شاه )۲۹۳۱(،سفرنامه نامه عراق عجم ،تهران ،نشر تیراژه','raw_ocr_reviewed',NULL);
INSERT OR IGNORE INTO sources(source_id,short_title,full_title,author,publication_year,source_type,file_name,notes) VALUES('BIB0085','قاجار ناصرالدین شاه ()۲۷۳۱شهریار جادهها مصحح محمدرضا عباسی و پرویز بدیعی تهران کتابخانه و ','قاجار ناصرالدین شاه ()۲۷۳۱شهریار جادهها مصحح محمدرضا عباسی و پرویز بدیعی تهران کتابخانه و سازمان اسناد ملی ایران',NULL,NULL,'bibliography_books',NULL,'Cataloged from pp. 189-198 of S0001; raw Persian entry retained pending authority normalization.');
INSERT OR IGNORE INTO bibliography_entries VALUES('B0085','BIB0085','books','قاجار ناصرالدین شاه ()۲۷۳۱شهریار جادهها مصحح محمدرضا عباسی و پرویز بدیعی تهران کتابخانه و سازمان اسناد ملی ایران','raw_ocr_reviewed',NULL);
INSERT OR IGNORE INTO sources(source_id,short_title,full_title,author,publication_year,source_type,file_name,notes) VALUES('BIB0086','قائم مقامی ،جهانگیر ،)٦٢٣١(.تحولات سیاسی و نظامی ایران از آغاز قرن یازدهم تا ۱۰۳۱شمسی ،تهر','قائم مقامی ،جهانگیر ،)٦٢٣١(.تحولات سیاسی و نظامی ایران از آغاز قرن یازدهم تا ۱۰۳۱شمسی ،تهران انتشارات علمی و شرکا',NULL,NULL,'bibliography_books',NULL,'Cataloged from pp. 189-198 of S0001; raw Persian entry retained pending authority normalization.');
INSERT OR IGNORE INTO bibliography_entries VALUES('B0086','BIB0086','books','قائم مقامی ،جهانگیر ،)٦٢٣١(.تحولات سیاسی و نظامی ایران از آغاز قرن یازدهم تا ۱۰۳۱شمسی ،تهران انتشارات علمی و شرکا','raw_ocr_reviewed',NULL);
INSERT OR IGNORE INTO sources(source_id,short_title,full_title,author,publication_year,source_type,file_name,notes) VALUES('BIB0087','قدیانی ،عباس ( ،)۷۸۳۱فرهنگ جامع تاریخ ایران ،تهران ،نشر آرون','قدیانی ،عباس ( ،)۷۸۳۱فرهنگ جامع تاریخ ایران ،تهران ،نشر آرون',NULL,NULL,'bibliography_books',NULL,'Cataloged from pp. 189-198 of S0001; raw Persian entry retained pending authority normalization.');
INSERT OR IGNORE INTO bibliography_entries VALUES('B0087','BIB0087','books','قدیانی ،عباس ( ،)۷۸۳۱فرهنگ جامع تاریخ ایران ،تهران ،نشر آرون','raw_ocr_reviewed',NULL);
INSERT OR IGNORE INTO sources(source_id,short_title,full_title,author,publication_year,source_type,file_name,notes) VALUES('BIB0088','قراگوزلو ،غلامحسین ()۳۷۳۱هگمتانه تا همدان تهران اقبال','قراگوزلو ،غلامحسین ()۳۷۳۱هگمتانه تا همدان تهران اقبال',NULL,NULL,'bibliography_books',NULL,'Cataloged from pp. 189-198 of S0001; raw Persian entry retained pending authority normalization.');
INSERT OR IGNORE INTO bibliography_entries VALUES('B0088','BIB0088','books','قراگوزلو ،غلامحسین ()۳۷۳۱هگمتانه تا همدان تهران اقبال','raw_ocr_reviewed',NULL);
INSERT OR IGNORE INTO sources(source_id,short_title,full_title,author,publication_year,source_type,file_name,notes) VALUES('BIB0089','قزوینی ،محمد طاهر وحید ( ،)۳۸۳۱تاریخ جهان آرای عباسی مصحح سید سعید میرمحمد صادق.تهران: پژو','قزوینی ،محمد طاهر وحید ( ،)۳۸۳۱تاریخ جهان آرای عباسی مصحح سید سعید میرمحمد صادق.تهران: پژوهشگاه علوم انسانی و مطالعات فرهنگی',NULL,NULL,'bibliography_books',NULL,'Cataloged from pp. 189-198 of S0001; raw Persian entry retained pending authority normalization.');
INSERT OR IGNORE INTO bibliography_entries VALUES('B0089','BIB0089','books','قزوینی ،محمد طاهر وحید ( ،)۳۸۳۱تاریخ جهان آرای عباسی مصحح سید سعید میرمحمد صادق.تهران: پژوهشگاه علوم انسانی و مطالعات فرهنگی','raw_ocr_reviewed',NULL);
INSERT OR IGNORE INTO sources(source_id,short_title,full_title,author,publication_year,source_type,file_name,notes) VALUES('BIB0090','قزوینی ،اصفهانی محمد یوسف واله ()۲۸۳۱ایران در زمان شاه صفی و شاه عباس دوم ،مصحح محمدرضا ،ن','قزوینی ،اصفهانی محمد یوسف واله ()۲۸۳۱ایران در زمان شاه صفی و شاه عباس دوم ،مصحح محمدرضا ،نصیری ،تهران ،انجمن آثار و مفاخر فرهنگی',NULL,NULL,'bibliography_books',NULL,'Cataloged from pp. 189-198 of S0001; raw Persian entry retained pending authority normalization.');
INSERT OR IGNORE INTO bibliography_entries VALUES('B0090','BIB0090','books','قزوینی ،اصفهانی محمد یوسف واله ()۲۸۳۱ایران در زمان شاه صفی و شاه عباس دوم ،مصحح محمدرضا ،نصیری ،تهران ،انجمن آثار و مفاخر فرهنگی','raw_ocr_reviewed',NULL);
INSERT OR IGNORE INTO sources(source_id,short_title,full_title,author,publication_year,source_type,file_name,notes) VALUES('BIB0091','قزوینی اصفهانی ،محمد یوسف واله ( ،)۲۷۳۱خلد برین مصحح میرهاشم محدث ،تهران ،بنیاد موقوفات دک','قزوینی اصفهانی ،محمد یوسف واله ( ،)۲۷۳۱خلد برین مصحح میرهاشم محدث ،تهران ،بنیاد موقوفات دکتر محمود افشار',NULL,NULL,'bibliography_books',NULL,'Cataloged from pp. 189-198 of S0001; raw Persian entry retained pending authority normalization.');
INSERT OR IGNORE INTO bibliography_entries VALUES('B0091','BIB0091','books','قزوینی اصفهانی ،محمد یوسف واله ( ،)۲۷۳۱خلد برین مصحح میرهاشم محدث ،تهران ،بنیاد موقوفات دکتر محمود افشار','raw_ocr_reviewed',NULL);
INSERT OR IGNORE INTO sources(source_id,short_title,full_title,author,publication_year,source_type,file_name,notes) VALUES('BIB0092','قمی ،احمدبن شرف الدین ()۳۸۳۱خلاصة التواريخ ،مصحح احسان اشراقی تهران ،انتشارات دانشگاه تهرا','قمی ،احمدبن شرف الدین ()۳۸۳۱خلاصة التواريخ ،مصحح احسان اشراقی تهران ،انتشارات دانشگاه تهران',NULL,NULL,'bibliography_books',NULL,'Cataloged from pp. 189-198 of S0001; raw Persian entry retained pending authority normalization.');
INSERT OR IGNORE INTO bibliography_entries VALUES('B0092','BIB0092','books','قمی ،احمدبن شرف الدین ()۳۸۳۱خلاصة التواريخ ،مصحح احسان اشراقی تهران ،انتشارات دانشگاه تهران','raw_ocr_reviewed',NULL);
INSERT OR IGNORE INTO sources(source_id,short_title,full_title,author,publication_year,source_type,file_name,notes) VALUES('BIB0093','قوزانلو ،جميل ()۵۱۳۱تاریخ نظامی ،ایران تهران چاپخانه فردوسی','قوزانلو ،جميل ()۵۱۳۱تاریخ نظامی ،ایران تهران چاپخانه فردوسی',NULL,NULL,'bibliography_books',NULL,'Cataloged from pp. 189-198 of S0001; raw Persian entry retained pending authority normalization.');
INSERT OR IGNORE INTO bibliography_entries VALUES('B0093','BIB0093','books','قوزانلو ،جميل ()۵۱۳۱تاریخ نظامی ،ایران تهران چاپخانه فردوسی','raw_ocr_reviewed',NULL);
INSERT OR IGNORE INTO sources(source_id,short_title,full_title,author,publication_year,source_type,file_name,notes) VALUES('BIB0094','سديد السلطنه ( ،)۰۷۳۱تاریخ مسقط و عمان ،بحرین و قطر ،تصحیح احمد اقتداری ،تهران ،دنیای','سديد السلطنه ( ،)۰۷۳۱تاریخ مسقط و عمان ،بحرین و قطر ،تصحیح احمد اقتداری ،تهران ،دنیای',NULL,NULL,'bibliography_books',NULL,'Cataloged from pp. 189-198 of S0001; raw Persian entry retained pending authority normalization.');
INSERT OR IGNORE INTO bibliography_entries VALUES('B0094','BIB0094','books','سديد السلطنه ( ،)۰۷۳۱تاریخ مسقط و عمان ،بحرین و قطر ،تصحیح احمد اقتداری ،تهران ،دنیای','raw_ocr_reviewed',NULL);
INSERT OR IGNORE INTO sources(source_id,short_title,full_title,author,publication_year,source_type,file_name,notes) VALUES('BIB0095','جرج ناتانیل ()۰۸۳۱ایران و قضیه ایران ترجمه غلامعلی وحید مازندرانی ،تهران ،انتشارات علمی و ','جرج ناتانیل ()۰۸۳۱ایران و قضیه ایران ترجمه غلامعلی وحید مازندرانی ،تهران ،انتشارات علمی و فرهنگی',NULL,NULL,'bibliography_books',NULL,'Cataloged from pp. 189-198 of S0001; raw Persian entry retained pending authority normalization.');
INSERT OR IGNORE INTO bibliography_entries VALUES('B0095','BIB0095','books','جرج ناتانیل ()۰۸۳۱ایران و قضیه ایران ترجمه غلامعلی وحید مازندرانی ،تهران ،انتشارات علمی و فرهنگی','raw_ocr_reviewed',NULL);
INSERT OR IGNORE INTO sources(source_id,short_title,full_title,author,publication_year,source_type,file_name,notes) VALUES('BIB0096','مانی ،احمد مجد الاسلام (بی تا)سفرنامه کلات مصحح محمد خلیل ،پور اصفهان ،انتشارات دانشگاه اص','مانی ،احمد مجد الاسلام (بی تا)سفرنامه کلات مصحح محمد خلیل ،پور اصفهان ،انتشارات دانشگاه اصفهان زمانی ملا محمد مومن ( ،)٤٨٣١صحيفة الارشاد ،مصحح محمد ابراهیم باستانی پاریزی ،تهران ،نشر علم',NULL,NULL,'bibliography_books',NULL,'Cataloged from pp. 189-198 of S0001; raw Persian entry retained pending authority normalization.');
INSERT OR IGNORE INTO bibliography_entries VALUES('B0096','BIB0096','books','مانی ،احمد مجد الاسلام (بی تا)سفرنامه کلات مصحح محمد خلیل ،پور اصفهان ،انتشارات دانشگاه اصفهان زمانی ملا محمد مومن ( ،)٤٨٣١صحيفة الارشاد ،مصحح محمد ابراهیم باستانی پاریزی ،تهران ،نشر علم','raw_ocr_reviewed',NULL);
INSERT OR IGNORE INTO sources(source_id,short_title,full_title,author,publication_year,source_type,file_name,notes) VALUES('BIB0097','،زمانی ،ناظم الاسلام ( ،)۴۸۳۱تاریخ بیداری ،ایرانیان تهران انتشارات امیرکبیر','،زمانی ،ناظم الاسلام ( ،)۴۸۳۱تاریخ بیداری ،ایرانیان تهران انتشارات امیرکبیر',NULL,NULL,'bibliography_books',NULL,'Cataloged from pp. 189-198 of S0001; raw Persian entry retained pending authority normalization.');
INSERT OR IGNORE INTO bibliography_entries VALUES('B0097','BIB0097','books','،زمانی ،ناظم الاسلام ( ،)۴۸۳۱تاریخ بیداری ،ایرانیان تهران انتشارات امیرکبیر','raw_ocr_reviewed',NULL);
INSERT OR IGNORE INTO sources(source_id,short_title,full_title,author,publication_year,source_type,file_name,notes) VALUES('BIB0098','نیروی احمد ()۳۸۳۱تاریخ مشروطه ایران تهران ،انتشارات امیرکبیر.','نیروی احمد ()۳۸۳۱تاریخ مشروطه ایران تهران ،انتشارات امیرکبیر.',NULL,NULL,'bibliography_books',NULL,'Cataloged from pp. 189-198 of S0001; raw Persian entry retained pending authority normalization.');
INSERT OR IGNORE INTO bibliography_entries VALUES('B0098','BIB0098','books','نیروی احمد ()۳۸۳۱تاریخ مشروطه ایران تهران ،انتشارات امیرکبیر.','raw_ocr_reviewed',NULL);
INSERT OR IGNORE INTO sources(source_id,short_title,full_title,author,publication_year,source_type,file_name,notes) VALUES('BIB0099','نیروی احمد ( ،)۳۸۳۱تاریخ هجده ساله آذربایجان تهران ،انتشارات امیرکبیر. گلستانه ابو الحسن ب','نیروی احمد ( ،)۳۸۳۱تاریخ هجده ساله آذربایجان تهران ،انتشارات امیرکبیر. گلستانه ابو الحسن بن محمد امین ()٤٤٣١گلستانه تهران:انتشارات ابن سینا.',NULL,NULL,'bibliography_books',NULL,'Cataloged from pp. 189-198 of S0001; raw Persian entry retained pending authority normalization.');
INSERT OR IGNORE INTO bibliography_entries VALUES('B0099','BIB0099','books','نیروی احمد ( ،)۳۸۳۱تاریخ هجده ساله آذربایجان تهران ،انتشارات امیرکبیر. گلستانه ابو الحسن بن محمد امین ()٤٤٣١گلستانه تهران:انتشارات ابن سینا.','raw_ocr_reviewed',NULL);
INSERT OR IGNORE INTO sources(source_id,short_title,full_title,author,publication_year,source_type,file_name,notes) VALUES('BIB0100','انهارت لارنس ( ،)۳۸۳۱انقراض سلسله صفویه ترجمه اسماعیل ،دولتشاهی ،تهران ،انتشارات علمی و فر','انهارت لارنس ( ،)۳۸۳۱انقراض سلسله صفویه ترجمه اسماعیل ،دولتشاهی ،تهران ،انتشارات علمی و فرهنگی. لمبتون آکس ( ،)٢٦٣١مالک و زارع در ،ایران ترجمه منوچهر ،امیری تهران ،انتشارات علمی و فرهنگی ش',NULL,NULL,'bibliography_books',NULL,'Cataloged from pp. 189-198 of S0001; raw Persian entry retained pending authority normalization.');
INSERT OR IGNORE INTO bibliography_entries VALUES('B0100','BIB0100','books','انهارت لارنس ( ،)۳۸۳۱انقراض سلسله صفویه ترجمه اسماعیل ،دولتشاهی ،تهران ،انتشارات علمی و فرهنگی. لمبتون آکس ( ،)٢٦٣١مالک و زارع در ،ایران ترجمه منوچهر ،امیری تهران ،انتشارات علمی و فرهنگی ش','raw_ocr_reviewed',NULL);
INSERT OR IGNORE INTO sources(source_id,short_title,full_title,author,publication_year,source_type,file_name,notes) VALUES('BIB0101','مازندرانی وحید (گردآوری)(بی تا)مجموعه عهدنامه های تاریخی ایران از عهد هخامنشی تا پهلوی ،ته','مازندرانی وحید (گردآوری)(بی تا)مجموعه عهدنامه های تاریخی ایران از عهد هخامنشی تا پهلوی ،تهران ،انتشارات وزارت امور خارجه شاهنشاهی مافی ،حسینقلیخان نظام السلطنه ( ،)٢٦٣١خاطرات و اسناد حسینقلیخان نظامالسلطنه مافی ،مصحح معصومه مافی و دیگران ،تهران ،نشر تاریخ ایران',NULL,NULL,'bibliography_books',NULL,'Cataloged from pp. 189-198 of S0001; raw Persian entry retained pending authority normalization.');
INSERT OR IGNORE INTO bibliography_entries VALUES('B0101','BIB0101','books','مازندرانی وحید (گردآوری)(بی تا)مجموعه عهدنامه های تاریخی ایران از عهد هخامنشی تا پهلوی ،تهران ،انتشارات وزارت امور خارجه شاهنشاهی مافی ،حسینقلیخان نظام السلطنه ( ،)٢٦٣١خاطرات و اسناد حسینقلیخان نظامالسلطنه مافی ،مصحح معصومه مافی و دیگران ،تهران ،نشر تاریخ ایران','raw_ocr_reviewed',NULL);
INSERT OR IGNORE INTO sources(source_id,short_title,full_title,author,publication_year,source_type,file_name,notes) VALUES('BIB0102','مالکم ،سر جان ()۰۸۳۱تاریخ کامل ،ایران ترجمه میرزا اسماعیل حیرت ،تهران ،نشر افسون محبوبی ،ا','مالکم ،سر جان ()۰۸۳۱تاریخ کامل ،ایران ترجمه میرزا اسماعیل حیرت ،تهران ،نشر افسون محبوبی ،اردکانی ،حسین ( ،)٤٥٣١تاریخ مؤسسات تمدنی جدید در،ایران تهران انتشارات دانشگاه تهران مرسلوند ،حسن ()٤٧٣١زندگینامه رجال و مشاهیر ایران تهران الهام',NULL,NULL,'bibliography_books',NULL,'Cataloged from pp. 189-198 of S0001; raw Persian entry retained pending authority normalization.');
INSERT OR IGNORE INTO bibliography_entries VALUES('B0102','BIB0102','books','مالکم ،سر جان ()۰۸۳۱تاریخ کامل ،ایران ترجمه میرزا اسماعیل حیرت ،تهران ،نشر افسون محبوبی ،اردکانی ،حسین ( ،)٤٥٣١تاریخ مؤسسات تمدنی جدید در،ایران تهران انتشارات دانشگاه تهران مرسلوند ،حسن ()٤٧٣١زندگینامه رجال و مشاهیر ایران تهران الهام','raw_ocr_reviewed',NULL);
INSERT OR IGNORE INTO sources(source_id,short_title,full_title,author,publication_year,source_type,file_name,notes) VALUES('BIB0103','مستوفی ،عبدالله ( ،)۴۸۳۱شرح زندگانی من ،تهران ،نشر زوار مصدق ،محمد ( ،)٥٦۳۱خاطرات وتألمات ','مستوفی ،عبدالله ( ،)۴۸۳۱شرح زندگانی من ،تهران ،نشر زوار مصدق ،محمد ( ،)٥٦۳۱خاطرات وتألمات مصدق ،تهران ،نشر علمی',NULL,NULL,'bibliography_books',NULL,'Cataloged from pp. 189-198 of S0001; raw Persian entry retained pending authority normalization.');
INSERT OR IGNORE INTO bibliography_entries VALUES('B0103','BIB0103','books','مستوفی ،عبدالله ( ،)۴۸۳۱شرح زندگانی من ،تهران ،نشر زوار مصدق ،محمد ( ،)٥٦۳۱خاطرات وتألمات مصدق ،تهران ،نشر علمی','raw_ocr_reviewed',NULL);
INSERT OR IGNORE INTO sources(source_id,short_title,full_title,author,publication_year,source_type,file_name,notes) VALUES('BIB0104','مظفری ،جمشید ()۲۹۳۱اسناد همدان و ولایت ثلاث در دوره مشروطیت )ادوار دوم و سوم مجلس شورای مل','مظفری ،جمشید ()۲۹۳۱اسناد همدان و ولایت ثلاث در دوره مشروطیت )ادوار دوم و سوم مجلس شورای ملی ،تهران موزه و مرکز اسناد مجلس شورای اسلامی مکی ،حسین ()٣٦٣١تاریخ بیست ساله ایران تهران ،انتشارات علمی',NULL,NULL,'bibliography_books',NULL,'Cataloged from pp. 189-198 of S0001; raw Persian entry retained pending authority normalization.');
INSERT OR IGNORE INTO bibliography_entries VALUES('B0104','BIB0104','books','مظفری ،جمشید ()۲۹۳۱اسناد همدان و ولایت ثلاث در دوره مشروطیت )ادوار دوم و سوم مجلس شورای ملی ،تهران موزه و مرکز اسناد مجلس شورای اسلامی مکی ،حسین ()٣٦٣١تاریخ بیست ساله ایران تهران ،انتشارات علمی','raw_ocr_reviewed',NULL);
INSERT OR IGNORE INTO sources(source_id,short_title,full_title,author,publication_year,source_type,file_name,notes) VALUES('BIB0105','منجم یزدی ملاکمال (بی تا)تاریخ ،عباسی ،تهران ،بیجا','منجم یزدی ملاکمال (بی تا)تاریخ ،عباسی ،تهران ،بیجا',NULL,NULL,'bibliography_books',NULL,'Cataloged from pp. 189-198 of S0001; raw Persian entry retained pending authority normalization.');
INSERT OR IGNORE INTO bibliography_entries VALUES('B0105','BIB0105','books','منجم یزدی ملاکمال (بی تا)تاریخ ،عباسی ،تهران ،بیجا','raw_ocr_reviewed',NULL);
INSERT OR IGNORE INTO sources(source_id,short_title,full_title,author,publication_year,source_type,file_name,notes) VALUES('BIB0106','منشی ،ترکمان اسکندربیگ ( ،)۲۸۳۱تاریخ عالمآرای عباسی تصحیح ایرج افشار ،تهران ،انتشارات امير','منشی ،ترکمان اسکندربیگ ( ،)۲۸۳۱تاریخ عالمآرای عباسی تصحیح ایرج افشار ،تهران ،انتشارات اميركبير. موسوی نامی اصفهانی محمد صادق ( ،)٦٦٣١تاریخگیتیگشا ،تهران ،اقبال',NULL,NULL,'bibliography_books',NULL,'Cataloged from pp. 189-198 of S0001; raw Persian entry retained pending authority normalization.');
INSERT OR IGNORE INTO bibliography_entries VALUES('B0106','BIB0106','books','منشی ،ترکمان اسکندربیگ ( ،)۲۸۳۱تاریخ عالمآرای عباسی تصحیح ایرج افشار ،تهران ،انتشارات اميركبير. موسوی نامی اصفهانی محمد صادق ( ،)٦٦٣١تاریخگیتیگشا ،تهران ،اقبال','raw_ocr_reviewed',NULL);
INSERT OR IGNORE INTO sources(source_id,short_title,full_title,author,publication_year,source_type,file_name,notes) VALUES('BIB0107','،مؤمنی باقر ( ،)۹۵۳۱مسئله ارضی و جنگ طبقاتی درایران تهران ،انتشارات پیوند','،مؤمنی باقر ( ،)۹۵۳۱مسئله ارضی و جنگ طبقاتی درایران تهران ،انتشارات پیوند',NULL,NULL,'bibliography_books',NULL,'Cataloged from pp. 189-198 of S0001; raw Persian entry retained pending authority normalization.');
INSERT OR IGNORE INTO bibliography_entries VALUES('B0107','BIB0107','books','،مؤمنی باقر ( ،)۹۵۳۱مسئله ارضی و جنگ طبقاتی درایران تهران ،انتشارات پیوند','raw_ocr_reviewed',NULL);
INSERT OR IGNORE INTO sources(source_id,short_title,full_title,author,publication_year,source_type,file_name,notes) VALUES('BIB0108','میرجعفری ،حسین ،)۰۹۳۱(.تاریخ تحولات ،سیاسی ،اجتماعی ،اقتصادی فرهنگی ایران در دوره تیموریان','میرجعفری ،حسین ،)۰۹۳۱(.تاریخ تحولات ،سیاسی ،اجتماعی ،اقتصادی فرهنگی ایران در دوره تیموریان و ترکمانان ،اصفهان ،سمت مینورسکی ولادیمیر ()٤٣٣١سازمان اداری حکومت صفوی ترجمه مسعود رجب نیا ،تهران ،انجمن . كتاب',NULL,NULL,'bibliography_books',NULL,'Cataloged from pp. 189-198 of S0001; raw Persian entry retained pending authority normalization.');
INSERT OR IGNORE INTO bibliography_entries VALUES('B0108','BIB0108','books','میرجعفری ،حسین ،)۰۹۳۱(.تاریخ تحولات ،سیاسی ،اجتماعی ،اقتصادی فرهنگی ایران در دوره تیموریان و ترکمانان ،اصفهان ،سمت مینورسکی ولادیمیر ()٤٣٣١سازمان اداری حکومت صفوی ترجمه مسعود رجب نیا ،تهران ،انجمن . كتاب','raw_ocr_reviewed',NULL);
INSERT OR IGNORE INTO sources(source_id,short_title,full_title,author,publication_year,source_type,file_name,notes) VALUES('BIB0109','نائینی ،محمد جعفر ( ،)۳۵۳۱جامع جعفری ،مصحح ،ایرج افشار ،تهران ،نشر آثار ملی','نائینی ،محمد جعفر ( ،)۳۵۳۱جامع جعفری ،مصحح ،ایرج افشار ،تهران ،نشر آثار ملی',NULL,NULL,'bibliography_books',NULL,'Cataloged from pp. 189-198 of S0001; raw Persian entry retained pending authority normalization.');
INSERT OR IGNORE INTO bibliography_entries VALUES('B0109','BIB0109','books','نائینی ،محمد جعفر ( ،)۳۵۳۱جامع جعفری ،مصحح ،ایرج افشار ،تهران ،نشر آثار ملی','raw_ocr_reviewed',NULL);
INSERT OR IGNORE INTO sources(source_id,short_title,full_title,author,publication_year,source_type,file_name,notes) VALUES('BIB0110','نصیری ،محمد ابراهیم)۳۷۳۱(.دستور شهریاران مصحح محمد نادر نصیری مقدم ،تهران ،بنیاد موقوفات د','نصیری ،محمد ابراهیم)۳۷۳۱(.دستور شهریاران مصحح محمد نادر نصیری مقدم ،تهران ،بنیاد موقوفات دکتر محمود افشار',NULL,NULL,'bibliography_books',NULL,'Cataloged from pp. 189-198 of S0001; raw Persian entry retained pending authority normalization.');
INSERT OR IGNORE INTO bibliography_entries VALUES('B0110','BIB0110','books','نصیری ،محمد ابراهیم)۳۷۳۱(.دستور شهریاران مصحح محمد نادر نصیری مقدم ،تهران ،بنیاد موقوفات دکتر محمود افشار','raw_ocr_reviewed',NULL);
INSERT OR IGNORE INTO sources(source_id,short_title,full_title,author,publication_year,source_type,file_name,notes) VALUES('BIB0111','نوایی ،عبدالحسین ( ،)۵۳۵۲دولتهای ایران ازآغاز مشروطیت تا اولتیماتوم ،تهران ،انتشارات بابک','نوایی ،عبدالحسین ( ،)۵۳۵۲دولتهای ایران ازآغاز مشروطیت تا اولتیماتوم ،تهران ،انتشارات بابک',NULL,NULL,'bibliography_books',NULL,'Cataloged from pp. 189-198 of S0001; raw Persian entry retained pending authority normalization.');
INSERT OR IGNORE INTO bibliography_entries VALUES('B0111','BIB0111','books','نوایی ،عبدالحسین ( ،)۵۳۵۲دولتهای ایران ازآغاز مشروطیت تا اولتیماتوم ،تهران ،انتشارات بابک','raw_ocr_reviewed',NULL);
INSERT OR IGNORE INTO sources(source_id,short_title,full_title,author,publication_year,source_type,file_name,notes) VALUES('BIB0112','نوری ،محمدتقى ،)۶۸۳۱(.اشرف التواریخ مصحح سوسن ،اصیلی ،تهران ،میراث مکتوب واتسن ،رابرت گرنت','نوری ،محمدتقى ،)۶۸۳۱(.اشرف التواریخ مصحح سوسن ،اصیلی ،تهران ،میراث مکتوب واتسن ،رابرت گرنت ()٨٤٣١تاریخ ایران دوره قاجار ،ترجمه وحید ،مازندرانی ،تهران ،انتشارات امیر کبیر.',NULL,NULL,'bibliography_books',NULL,'Cataloged from pp. 189-198 of S0001; raw Persian entry retained pending authority normalization.');
INSERT OR IGNORE INTO bibliography_entries VALUES('B0112','BIB0112','books','نوری ،محمدتقى ،)۶۸۳۱(.اشرف التواریخ مصحح سوسن ،اصیلی ،تهران ،میراث مکتوب واتسن ،رابرت گرنت ()٨٤٣١تاریخ ایران دوره قاجار ،ترجمه وحید ،مازندرانی ،تهران ،انتشارات امیر کبیر.','raw_ocr_reviewed',NULL);
INSERT OR IGNORE INTO sources(source_id,short_title,full_title,author,publication_year,source_type,file_name,notes) VALUES('BIB0113','واصفی ،زین الدین محمود ()۹۴۳۱بدائع الوقائع مصحح الکساندر بلدروف ،تهران ،بنیاد فرهنگ ایران.','واصفی ،زین الدین محمود ()۹۴۳۱بدائع الوقائع مصحح الکساندر بلدروف ،تهران ،بنیاد فرهنگ ایران.',NULL,NULL,'bibliography_books',NULL,'Cataloged from pp. 189-198 of S0001; raw Persian entry retained pending authority normalization.');
INSERT OR IGNORE INTO bibliography_entries VALUES('B0113','BIB0113','books','واصفی ،زین الدین محمود ()۹۴۳۱بدائع الوقائع مصحح الکساندر بلدروف ،تهران ،بنیاد فرهنگ ایران.','raw_ocr_reviewed',NULL);
INSERT OR IGNORE INTO sources(source_id,short_title,full_title,author,publication_year,source_type,file_name,notes) VALUES('BIB0114','والیزاده معجزی ،محمدرضا ( ،)۲۸۳۱تاریخ لرستان روزگار ،پهلوی مصحح حسين و محمد واليزاده ،معجز','والیزاده معجزی ،محمدرضا ( ،)۲۸۳۱تاریخ لرستان روزگار ،پهلوی مصحح حسين و محمد واليزاده ،معجزی ،تهران ،انتشارات حروفیه',NULL,NULL,'bibliography_books',NULL,'Cataloged from pp. 189-198 of S0001; raw Persian entry retained pending authority normalization.');
INSERT OR IGNORE INTO bibliography_entries VALUES('B0114','BIB0114','books','والیزاده معجزی ،محمدرضا ( ،)۲۸۳۱تاریخ لرستان روزگار ،پهلوی مصحح حسين و محمد واليزاده ،معجزی ،تهران ،انتشارات حروفیه','raw_ocr_reviewed',NULL);
INSERT OR IGNORE INTO sources(source_id,short_title,full_title,author,publication_year,source_type,file_name,notes) VALUES('BIB0115','والیزاده معجزی ،محمدرضا ( ،)۰۸۳۱تاریخ لرستان روزگار قاجار مصحح حسين و محمد والیزاده ،معجزی','والیزاده معجزی ،محمدرضا ( ،)۰۸۳۱تاریخ لرستان روزگار قاجار مصحح حسين و محمد والیزاده ،معجزی ،تهران ،انتشارات حروفیه وثوقی ،منصور)٦٦٣١(.جامعهشناسی روستایی ،تهران ،انتشارات کیهان',NULL,NULL,'bibliography_books',NULL,'Cataloged from pp. 189-198 of S0001; raw Persian entry retained pending authority normalization.');
INSERT OR IGNORE INTO bibliography_entries VALUES('B0115','BIB0115','books','والیزاده معجزی ،محمدرضا ( ،)۰۸۳۱تاریخ لرستان روزگار قاجار مصحح حسين و محمد والیزاده ،معجزی ،تهران ،انتشارات حروفیه وثوقی ،منصور)٦٦٣١(.جامعهشناسی روستایی ،تهران ،انتشارات کیهان','raw_ocr_reviewed',NULL);
INSERT OR IGNORE INTO sources(source_id,short_title,full_title,author,publication_year,source_type,file_name,notes) VALUES('BIB0116','هدایت ،رضاقلی خان ( ،)۷۸۳۱روضةالصفای ناصری ،مصحح جمشید کیانفر ،تهران ،انتشارات دانشگاه تهر','هدایت ،رضاقلی خان ( ،)۷۸۳۱روضةالصفای ناصری ،مصحح جمشید کیانفر ،تهران ،انتشارات دانشگاه تهران',NULL,NULL,'bibliography_books',NULL,'Cataloged from pp. 189-198 of S0001; raw Persian entry retained pending authority normalization.');
INSERT OR IGNORE INTO bibliography_entries VALUES('B0116','BIB0116','books','هدایت ،رضاقلی خان ( ،)۷۸۳۱روضةالصفای ناصری ،مصحح جمشید کیانفر ،تهران ،انتشارات دانشگاه تهران','raw_ocr_reviewed',NULL);
INSERT OR IGNORE INTO sources(source_id,short_title,full_title,author,publication_year,source_type,file_name,notes) VALUES('BIB0117','هدایت ،رضاقلی خان ()۳۷۳۱فهرس التواريخ مصحح عبدالحسین نوایی و میرهاشم محدث ،تهران پژوهشگاه ','هدایت ،رضاقلی خان ()۳۷۳۱فهرس التواريخ مصحح عبدالحسین نوایی و میرهاشم محدث ،تهران پژوهشگاه علوم انسانی و مطالعات فرهنگی',NULL,NULL,'bibliography_books',NULL,'Cataloged from pp. 189-198 of S0001; raw Persian entry retained pending authority normalization.');
INSERT OR IGNORE INTO bibliography_entries VALUES('B0117','BIB0117','books','هدایت ،رضاقلی خان ()۳۷۳۱فهرس التواريخ مصحح عبدالحسین نوایی و میرهاشم محدث ،تهران پژوهشگاه علوم انسانی و مطالعات فرهنگی','raw_ocr_reviewed',NULL);
INSERT OR IGNORE INTO sources(source_id,short_title,full_title,author,publication_year,source_type,file_name,notes) VALUES('BIB0118','هدایت مخبر السلطنه مهدی قلی خان ( ،)۵۸۳۱خاطرات و خطرات ،تهران ،نشر زوار','هدایت مخبر السلطنه مهدی قلی خان ( ،)۵۸۳۱خاطرات و خطرات ،تهران ،نشر زوار',NULL,NULL,'bibliography_books',NULL,'Cataloged from pp. 189-198 of S0001; raw Persian entry retained pending authority normalization.');
INSERT OR IGNORE INTO bibliography_entries VALUES('B0118','BIB0118','books','هدایت مخبر السلطنه مهدی قلی خان ( ،)۵۸۳۱خاطرات و خطرات ،تهران ،نشر زوار','raw_ocr_reviewed',NULL);
INSERT OR IGNORE INTO sources(source_id,short_title,full_title,author,publication_year,source_type,file_name,notes) VALUES('BIB0119','هیئت ،جواد ()۰۸۳۱سیری در تاریخ زبان و لهجههای ترکی ،تهران ،نشر پیکان','هیئت ،جواد ()۰۸۳۱سیری در تاریخ زبان و لهجههای ترکی ،تهران ،نشر پیکان',NULL,NULL,'bibliography_books',NULL,'Cataloged from pp. 189-198 of S0001; raw Persian entry retained pending authority normalization.');
INSERT OR IGNORE INTO bibliography_entries VALUES('B0119','BIB0119','books','هیئت ،جواد ()۰۸۳۱سیری در تاریخ زبان و لهجههای ترکی ،تهران ،نشر پیکان','raw_ocr_reviewed',NULL);
INSERT OR IGNORE INTO sources(source_id,short_title,full_title,author,publication_year,source_type,file_name,notes) VALUES('BIB0120','یغمایی ،اقبال (گردآورنده)( ،)۷۳۵۲شهید آزادی سید جمال واعظ ،اصفهانی ،مصحح اقبال یغمایی ،تهر','یغمایی ،اقبال (گردآورنده)( ،)۷۳۵۲شهید آزادی سید جمال واعظ ،اصفهانی ،مصحح اقبال یغمایی ،تهران، نشر توس.',NULL,NULL,'bibliography_books',NULL,'Cataloged from pp. 189-198 of S0001; raw Persian entry retained pending authority normalization.');
INSERT OR IGNORE INTO bibliography_entries VALUES('B0120','BIB0120','books','یغمایی ،اقبال (گردآورنده)( ،)۷۳۵۲شهید آزادی سید جمال واعظ ،اصفهانی ،مصحح اقبال یغمایی ،تهران، نشر توس.','raw_ocr_reviewed',NULL);
INSERT OR IGNORE INTO sources(source_id,short_title,full_title,author,publication_year,source_type,file_name,notes) VALUES('BIB0121','آرشیو سازمان اسناد ملی ،ایران شماره سند ۵۱۳۱۰۰/۶۹۲','آرشیو سازمان اسناد ملی ،ایران شماره سند ۵۱۳۱۰۰/۶۹۲',NULL,NULL,'bibliography_documents',NULL,'Cataloged from pp. 189-198 of S0001; raw Persian entry retained pending authority normalization.');
INSERT OR IGNORE INTO bibliography_entries VALUES('B0121','BIB0121','documents','آرشیو سازمان اسناد ملی ،ایران شماره سند ۵۱۳۱۰۰/۶۹۲','raw_ocr_reviewed',NULL);
INSERT OR IGNORE INTO sources(source_id,short_title,full_title,author,publication_year,source_type,file_name,notes) VALUES('BIB0122','آرشیو سازمان اسناد ملی ،ایران شماره سند ۵۰۳۱۰۰۷۹۲','آرشیو سازمان اسناد ملی ،ایران شماره سند ۵۰۳۱۰۰۷۹۲',NULL,NULL,'bibliography_documents',NULL,'Cataloged from pp. 189-198 of S0001; raw Persian entry retained pending authority normalization.');
INSERT OR IGNORE INTO bibliography_entries VALUES('B0122','BIB0122','documents','آرشیو سازمان اسناد ملی ،ایران شماره سند ۵۰۳۱۰۰۷۹۲','raw_ocr_reviewed',NULL);
INSERT OR IGNORE INTO sources(source_id,short_title,full_title,author,publication_year,source_type,file_name,notes) VALUES('BIB0123','آرشیو سازمان اسناد ملی ،ایران شماره سند ۳۵۳۱۰۰/۶۹۲','آرشیو سازمان اسناد ملی ،ایران شماره سند ۳۵۳۱۰۰/۶۹۲',NULL,NULL,'bibliography_documents',NULL,'Cataloged from pp. 189-198 of S0001; raw Persian entry retained pending authority normalization.');
INSERT OR IGNORE INTO bibliography_entries VALUES('B0123','BIB0123','documents','آرشیو سازمان اسناد ملی ،ایران شماره سند ۳۵۳۱۰۰/۶۹۲','raw_ocr_reviewed',NULL);
INSERT OR IGNORE INTO sources(source_id,short_title,full_title,author,publication_year,source_type,file_name,notes) VALUES('BIB0124','آرشیو سازمان اسناد ملی ،ایران شماره سند ٦٦۱۸۲/۹۹۹ اذکایی قراگوزلو ،پرویز ()٦٦٣١قراگوزلوهای','آرشیو سازمان اسناد ملی ،ایران شماره سند ٦٦۱۸۲/۹۹۹ اذکایی قراگوزلو ،پرویز ()٦٦٣١قراگوزلوهای همدان ،مجله ،آینده سال سیزدهم ،ش ٤و ٥ اذکایی قراگوزلو ،پرویز )٦٦٣١(،قراگوزلوهای همدان بهره)(یکم خاندان ناصرالملک بهاری» ،مجله آینده ،سال سیزدهم ش ۸تا ۲۱',NULL,NULL,'bibliography_documents',NULL,'Cataloged from pp. 189-198 of S0001; raw Persian entry retained pending authority normalization.');
INSERT OR IGNORE INTO bibliography_entries VALUES('B0124','BIB0124','documents','آرشیو سازمان اسناد ملی ،ایران شماره سند ٦٦۱۸۲/۹۹۹ اذکایی قراگوزلو ،پرویز ()٦٦٣١قراگوزلوهای همدان ،مجله ،آینده سال سیزدهم ،ش ٤و ٥ اذکایی قراگوزلو ،پرویز )٦٦٣١(،قراگوزلوهای همدان بهره)(یکم خاندان ناصرالملک بهاری» ،مجله آینده ،سال سیزدهم ش ۸تا ۲۱','raw_ocr_reviewed',NULL);
INSERT OR IGNORE INTO sources(source_id,short_title,full_title,author,publication_year,source_type,file_name,notes) VALUES('BIB0125','اذکایی قراگوزلو ،پرویز ()۷۶۳۱قراگوزلوهای همدان خاندان امیر افخم شروینی (بخش سوم) مجلهآینده','اذکایی قراگوزلو ،پرویز ()۷۶۳۱قراگوزلوهای همدان خاندان امیر افخم شروینی (بخش سوم) مجلهآینده ،سال چهاردهم ش٥تا٦',NULL,NULL,'bibliography_articles',NULL,'Cataloged from pp. 189-198 of S0001; raw Persian entry retained pending authority normalization.');
INSERT OR IGNORE INTO bibliography_entries VALUES('B0125','BIB0125','articles','اذکایی قراگوزلو ،پرویز ()۷۶۳۱قراگوزلوهای همدان خاندان امیر افخم شروینی (بخش سوم) مجلهآینده ،سال چهاردهم ش٥تا٦','raw_ocr_reviewed',NULL);
INSERT OR IGNORE INTO sources(source_id,short_title,full_title,author,publication_year,source_type,file_name,notes) VALUES('BIB0126','اذکایی قراگوزلو ،پرویز ()۷۶۳۱قراگوزلوهای همدان بخش سوم خاندان بهاء الملک آبشینی (بخش پایان','اذکایی قراگوزلو ،پرویز ()۷۶۳۱قراگوزلوهای همدان بخش سوم خاندان بهاء الملک آبشینی (بخش پایانی)» ،مجلهآینده ،سال چهاردهم ش ۹تا ۲۱',NULL,NULL,'bibliography_articles',NULL,'Cataloged from pp. 189-198 of S0001; raw Persian entry retained pending authority normalization.');
INSERT OR IGNORE INTO bibliography_entries VALUES('B0126','BIB0126','articles','اذکایی قراگوزلو ،پرویز ()۷۶۳۱قراگوزلوهای همدان بخش سوم خاندان بهاء الملک آبشینی (بخش پایانی)» ،مجلهآینده ،سال چهاردهم ش ۹تا ۲۱','raw_ocr_reviewed',NULL);
INSERT OR IGNORE INTO sources(source_id,short_title,full_title,author,publication_year,source_type,file_name,notes) VALUES('BIB0127','اذکایی قراگوزلو ،پرویز ()۳۶۳۱داستان جمهوری ،همدان ،مجله آینده ش ،۲۱سال ۰۱ اذکایی قراگوزلو ','اذکایی قراگوزلو ،پرویز ()۳۶۳۱داستان جمهوری ،همدان ،مجله آینده ش ،۲۱سال ۰۱ اذکایی قراگوزلو ،پرویز ( ،)٦٥٣١حاج شيخ تقى وکیل الرعایا ،مجله آینده شماره ۷و ۸سال ۲۱',NULL,NULL,'bibliography_articles',NULL,'Cataloged from pp. 189-198 of S0001; raw Persian entry retained pending authority normalization.');
INSERT OR IGNORE INTO bibliography_entries VALUES('B0127','BIB0127','articles','اذکایی قراگوزلو ،پرویز ()۳۶۳۱داستان جمهوری ،همدان ،مجله آینده ش ،۲۱سال ۰۱ اذکایی قراگوزلو ،پرویز ( ،)٦٥٣١حاج شيخ تقى وکیل الرعایا ،مجله آینده شماره ۷و ۸سال ۲۱','raw_ocr_reviewed',NULL);
INSERT OR IGNORE INTO sources(source_id,short_title,full_title,author,publication_year,source_type,file_name,notes) VALUES('BIB0128','اذکایی قراگوزلو ،پرویز « ،)۱۷۳۱(،فریدالدوله گلگون مجله آینده شماره های ۱-۱سال ۷۱ اذکایی قر','اذکایی قراگوزلو ،پرویز « ،)۱۷۳۱(،فریدالدوله گلگون مجله آینده شماره های ۱-۱سال ۷۱ اذکایی قراگوزلو ،پرویز ()٤٧٣١مهار و بهاری مجله فرهنگ همدان شماره ،۴سال ۱',NULL,NULL,'bibliography_articles',NULL,'Cataloged from pp. 189-198 of S0001; raw Persian entry retained pending authority normalization.');
INSERT OR IGNORE INTO bibliography_entries VALUES('B0128','BIB0128','articles','اذکایی قراگوزلو ،پرویز « ،)۱۷۳۱(،فریدالدوله گلگون مجله آینده شماره های ۱-۱سال ۷۱ اذکایی قراگوزلو ،پرویز ()٤٧٣١مهار و بهاری مجله فرهنگ همدان شماره ،۴سال ۱','raw_ocr_reviewed',NULL);
INSERT OR IGNORE INTO sources(source_id,short_title,full_title,author,publication_year,source_type,file_name,notes) VALUES('BIB0129','فرمند ،هوشنگ (« ،)۸۶۳۱توضیحاتی درباره مقاله خاندان قراگوزلوی ،همدان» ،مجله آینده ،سال پانز','فرمند ،هوشنگ (« ،)۸۶۳۱توضیحاتی درباره مقاله خاندان قراگوزلوی ،همدان» ،مجله آینده ،سال پانزدهم ،ش۱تا ۹',NULL,NULL,'bibliography_articles',NULL,'Cataloged from pp. 189-198 of S0001; raw Persian entry retained pending authority normalization.');
INSERT OR IGNORE INTO bibliography_entries VALUES('B0129','BIB0129','articles','فرمند ،هوشنگ (« ،)۸۶۳۱توضیحاتی درباره مقاله خاندان قراگوزلوی ،همدان» ،مجله آینده ،سال پانزدهم ،ش۱تا ۹','raw_ocr_reviewed',NULL);
INSERT OR IGNORE INTO citations(citation_id,source_id,page_printed,page_file,locator_text,quoted_text,notes) VALUES('X0055','S0001','187',NULL,'Conclusion',NULL,'Conclusion pages.');
INSERT OR IGNORE INTO claims VALUES('C0104','source','S0001','author_concludes','The initial hypothesis limiting Gharagozloo presence in Iran to the Mongol period was rejected; the author places their arrival in the late fourth or early fifth AH century.','confirmed','active','This records the author’s conclusion, not independent proof of the underlying chronology.');
INSERT OR IGNORE INTO claim_citations VALUES('C0104','X0055','supports');
INSERT OR IGNORE INTO citations(citation_id,source_id,page_printed,page_file,locator_text,quoted_text,notes) VALUES('X0056','S0001','187',NULL,'Conclusion',NULL,'Conclusion pages.');
INSERT OR IGNORE INTO claims VALUES('C0105','source','S0001','author_concludes','The Gharagozloos were Turkic-speaking and belonged under the Bigdili grouping, described as one of the twenty-four major Oghuz tribes.','confirmed','active','Authorial conclusion.');
INSERT OR IGNORE INTO claim_citations VALUES('C0105','X0056','supports');
INSERT OR IGNORE INTO citations(citation_id,source_id,page_printed,page_file,locator_text,quoted_text,notes) VALUES('X0057','S0001','187',NULL,'Conclusion',NULL,'Conclusion pages.');
INSERT OR IGNORE INTO claims VALUES('C0106','source','S0001','author_concludes','After the Mongol invasion, the Gharagozloos moved west toward Syria, joined other Turkic groups, and became associated with the Shamlu confederation.','confirmed','active','Authorial conclusion.');
INSERT OR IGNORE INTO claim_citations VALUES('C0106','X0057','supports');
INSERT OR IGNORE INTO citations(citation_id,source_id,page_printed,page_file,locator_text,quoted_text,notes) VALUES('X0058','S0001','187',NULL,'Conclusion',NULL,'Conclusion pages.');
INSERT OR IGNORE INTO claims VALUES('C0107','source','S0001','author_concludes','Timur moved them eastward; they later settled again on the Iranian plateau and entered the Safavid Qizilbash confederation.','confirmed','active','Authorial conclusion.');
INSERT OR IGNORE INTO claim_citations VALUES('C0107','X0058','supports');
INSERT OR IGNORE INTO citations(citation_id,source_id,page_printed,page_file,locator_text,quoted_text,notes) VALUES('X0059','S0001','187-188',NULL,'Conclusion',NULL,'Conclusion pages.');
INSERT OR IGNORE INTO claims VALUES('C0108','source','S0001','author_concludes','Under Shah Abbas and in the late Safavid period, the Gharagozloos regained prominence and their presence around Hamadan became clear.','confirmed','active','Authorial conclusion.');
INSERT OR IGNORE INTO claim_citations VALUES('C0108','X0059','supports');
INSERT OR IGNORE INTO citations(citation_id,source_id,page_printed,page_file,locator_text,quoted_text,notes) VALUES('X0060','S0001','188',NULL,'Conclusion',NULL,'Conclusion pages.');
INSERT OR IGNORE INTO claims VALUES('C0109','source','S0001','author_concludes','Under the Qajars they gained exceptional trust, culminating in Naser al-Molk Gharagozloo’s selection as regent after the death of Azod al-Molk.','confirmed','active','Authorial conclusion.');
INSERT OR IGNORE INTO claim_citations VALUES('C0109','X0060','supports');
INSERT OR IGNORE INTO citations(citation_id,source_id,page_printed,page_file,locator_text,quoted_text,notes) VALUES('X0061','S0001','188',NULL,'Conclusion',NULL,'Conclusion pages.');
INSERT OR IGNORE INTO claims VALUES('C0110','source','S0001','author_concludes','The tribe provided extensive military service across Iran but was later marginalized as the Qajar order declined.','confirmed','active','Authorial conclusion.');
INSERT OR IGNORE INTO claim_citations VALUES('C0110','X0061','supports');
INSERT OR IGNORE INTO artifacts VALUES('A0001','S0001','199','portrait','Naser al-Molk Gharagozloo','تصویر ۱ - ناصرالملک قراگوزلوی همدانی','Formal portrait; caption cites Gholamhossein Gharagozloo, Hegmataneh ta Hamadan (1385 SH).','cataloged','confirmed',NULL,NULL);
INSERT OR IGNORE INTO artifact_persons VALUES('A0001','P0040','subject',NULL);
INSERT OR IGNORE INTO artifacts VALUES('A0002','S0001','200','portrait','Abdollah Khan Sarem al-Dowleh','تصویر ۲ - سرتیپ عبدالله خان صارم‌الدوله ملقب به سردار باتمانقلیچ','Full-length military portrait.','cataloged','confirmed',NULL,NULL);
INSERT OR IGNORE INTO artifact_persons VALUES('A0002','P0028','subject',NULL);
INSERT OR IGNORE INTO artifacts VALUES('A0003','S0001','201','portrait','Hossein Khan Hesam al-Molk I','تصویر ۳ - امیرتومان (سرلشگر) حسین خان حسام‌الملک اول، پدر امیرافخم','Decorated military portrait; exact person linkage remains under review.','cataloged','probable',NULL,NULL);
INSERT OR IGNORE INTO artifacts VALUES('A0004','S0001','202','portrait','Amir Afkham Hesam al-Molk II','تصویر ۴ - سرتیپ امیرافخم حسام‌الملک دوم','Formal portrait; linked provisionally to Zeyn al-Abedin Khan Hesam al-Molk.','cataloged','probable',NULL,NULL);
INSERT OR IGNORE INTO artifact_persons VALUES('A0004','P0023','subject',NULL);
INSERT OR IGNORE INTO artifacts VALUES('A0005','S0001','203','portrait','Gholamreza Khan Ehtesham al-Dowleh','غلامرضاخان احتشام‌الدوله فرزند امیرافخم، داماد مظفرالدین شاه','Formal portrait.','cataloged','confirmed',NULL,NULL);
INSERT OR IGNORE INTO artifact_persons VALUES('A0005','P0024','subject',NULL);
INSERT OR IGNORE INTO artifacts VALUES('A0006','S0001','204','document','Historical document image 1',NULL,'Handwritten Persian document; transcription deferred because scan is difficult to read.','needs_transcription','unverified',NULL,NULL);
INSERT OR IGNORE INTO artifacts VALUES('A0007','S0001','205','document','Historical document image 2',NULL,'Handwritten administrative document with endorsements/signatures; transcription deferred.','needs_transcription','unverified',NULL,NULL);
INSERT OR IGNORE INTO artifacts VALUES('A0008','S0001','206','document','Historical document image 3',NULL,'Ruled official document with seal/stamp; transcription deferred.','needs_transcription','unverified',NULL,NULL);
INSERT OR IGNORE INTO artifacts VALUES('A0009','S0001','207','document','Historical document image 4',NULL,'Faint handwritten document or dispatch face; transcription deferred.','needs_transcription','unverified',NULL,NULL);
INSERT OR IGNORE INTO artifacts VALUES('A0010','S0001','208','map','Migration map 1','نقشه شماره یک','Authorial reconstruction of four major movements of Turkic tribes across the Iranian plateau.','cataloged','confirmed',NULL,NULL);
INSERT OR IGNORE INTO artifacts VALUES('A0011','S0001','209','map','Migration map 2','نقشه شماره دو','Authorial reconstruction of Gharagozloo location and movements in Iran.','cataloged','confirmed',NULL,NULL);
INSERT OR IGNORE INTO artifacts VALUES('A0012','S0001','210','diagram','Gharagozloo tribal organization','شکل شماره یک - تبارشناسی خاندان قراگوزلو','Diagram from takhmeh to dudman to obeh and major branches Hajilu, Ashiqloo, and Uzbeklu; one label is printed with uncertainty.','cataloged','confirmed',NULL,NULL);
INSERT OR IGNORE INTO artifacts VALUES('A0013','S0001','211','genealogy','Historical Gharagozloo figures to the Zand era','شکل شماره دو','Genealogical/historical chart; printed question marks are retained as uncertainty.','cataloged','confirmed',NULL,NULL);
INSERT OR IGNORE INTO artifacts VALUES('A0014','S0001','212','genealogy','Ashiqloo genealogy','شکل شماره سه - رجال‌شناسی تیره عاشیقلوهای قراگوزلو','Genealogical chart centered on Mohammad Hossein Khan and descendants.','cataloged','confirmed',NULL,NULL);
INSERT OR IGNORE INTO artifact_persons VALUES('A0014','P0011','subject',NULL);
INSERT OR IGNORE INTO artifacts VALUES('A0015','S0001','213','genealogy','Hajilu genealogy','شکل شماره چهار - رجال‌شناسی تیره حاجیلوهای قراگوزلو','Large genealogical chart including the Amir Nezam Letgahi line; fine-grained nodes require image-level review.','cataloged','confirmed',NULL,NULL);
INSERT OR IGNORE INTO artifact_persons VALUES('A0015','P0001','subject',NULL);
INSERT OR IGNORE INTO artifact_persons VALUES('A0014','P0018','mentioned','Rostam Khan branch shown');
INSERT OR IGNORE INTO artifact_persons VALUES('A0014','P0023','mentioned','Zeyn al-Abedin Khan shown');
INSERT OR IGNORE INTO artifact_persons VALUES('A0014','P0024','mentioned','Gholamreza Khan shown');
INSERT OR IGNORE INTO artifact_persons VALUES('A0014','P0028','mentioned','Abdollah Khan Sarem al-Dowleh shown');
INSERT OR IGNORE INTO artifact_persons VALUES('A0015','P0002','mentioned',NULL);
INSERT OR IGNORE INTO artifact_persons VALUES('A0015','P0003','mentioned',NULL);
INSERT OR IGNORE INTO artifact_persons VALUES('A0015','P0004','mentioned',NULL);
INSERT OR IGNORE INTO artifact_persons VALUES('A0015','P0005','mentioned',NULL);
INSERT OR IGNORE INTO artifact_persons VALUES('A0015','P0006','mentioned',NULL);
INSERT OR IGNORE INTO artifact_persons VALUES('A0015','P0007','mentioned',NULL);
INSERT OR IGNORE INTO artifact_persons VALUES('A0015','P0008','mentioned',NULL);
INSERT OR IGNORE INTO titles(title_id,title_en,title_fa,meaning_notes) VALUES('T0025','Sardar Batmanqilich','سردار باتمانقلیچ','Title as printed in the caption on book page 200; transliteration provisional.');
INSERT OR IGNORE INTO person_titles(person_id,title_id,date_text,notes) VALUES('P0028','T0025',NULL,'Caption evidence on S0001 p. 200.');
INSERT INTO metadata(key,value) VALUES('back_matter_status','complete') ON CONFLICT(key) DO UPDATE SET value=excluded.value;
INSERT INTO metadata(key,value) VALUES('back_matter_pages','187-213') ON CONFLICT(key) DO UPDATE SET value=excluded.value;
INSERT INTO metadata(key,value) VALUES('bibliography_catalog_count','129') ON CONFLICT(key) DO UPDATE SET value=excluded.value;
INSERT INTO metadata(key,value) VALUES('documentary_artifact_count','15') ON CONFLICT(key) DO UPDATE SET value=excluded.value;
INSERT INTO metadata(key,value) VALUES('database_version','1.2') ON CONFLICT(key) DO UPDATE SET value=excluded.value;
INSERT INTO metadata(key,value) VALUES('last_migration','0007') ON CONFLICT(key) DO UPDATE SET value=excluded.value;
INSERT INTO change_log(changed_at,entity_type,entity_id,action,summary) VALUES(datetime('now'),'migration','0007','apply','Mine conclusion, bibliography, and documentary appendix pages 187-213.');
