artifact_id,person_id,role,notes
A0001,P0040,subject,
A0002,P0028,subject,
A0004,P0023,subject,
A0005,P0024,subject,
A0014,P0011,subject,
A0015,P0001,subject,
A0014,P0018,mentioned,Rostam Khan branch shown
A0014,P0023,mentioned,Zeyn al-Abedin Khan shown
A0014,P0024,mentioned,Gholamreza Khan shown
A0014,P0028,mentioned,Abdollah Khan Sarem al-Dowleh shown
A0015,P0002,mentioned,
A0015,P0003,mentioned,
A0015,P0004,mentioned,
A0015,P0005,mentioned,
A0015,P0006,mentioned,
A0015,P0007,mentioned,
A0015,P0008,mentioned,
A0003,P0022,probable_subject,"Caption identifies Hossein Khan Hesam al-Molk I, father of Amir Afkham; probable linkage to canonical P0022, but naming variance is retained."
A0005,P0036,spouse_context,Caption identifies P0024 as son-in-law of Mozaffar al-Din Shah; marriage relationship is recorded separately.
A0015,P0094,mentioned,Older Hajilou trunk root in Figure 4.
A0015,P0095,mentioned,Older Hajilou trunk second generation in Figure 4.
A0015,P0096,mentioned,Figure 4 branch head.
A0015,P0073,mentioned,Figure 4 branch head.
A0015,P0097,mentioned,Figure 4 branch head.
A0015,P0098,mentioned,Figure 4 branch head.
A0015,P0099,mentioned,Majzub Ali Shah in Figure 4.
A0015,P0100,mentioned,Figure 4 son of Majzub Ali Shah.
A0015,P0101,mentioned,Figure 4 son of Majzub Ali Shah.
A0015,P0102,mentioned,Figure 4 son of Majzub Ali Shah.
A0015,P0103,mentioned,Figure 4 son of Majzub Ali Shah.
A0015,P0104,mentioned,Figure 4 son of Majzub Ali Shah.
A0015,P0105,mentioned,Figure 4 son of Nasrollah Khan Korijani.
A0015,P0106,mentioned,Figure 4 grandson of Nasrollah Khan Korijani.
A0015,P0107,mentioned,Figure 4 son of Haji Mina Khan.
A0015,P0108,mentioned,Figure 4 son of Haji Mina Khan.
A0015,P0109,mentioned,Figure 4 descendant titled Mansur al-Molk.
A0015,P0110,mentioned,Figure 4 descendant.
A0015,P0111,mentioned,Figure 4 descendant.
A0015,P0112,mentioned,Figure 4 descendant.
A0015,P0113,mentioned,Figure 4 descendant.
A0015,P0114,mentioned,Figure 4 descendant with rank Sarhang.
A0015,P0115,mentioned,Haji Fazlollah/Royani descendant in the corrected Figure 4 reconstruction.
A0015,P0116,mentioned,Haji Fazlollah/Royani descendant in the corrected Figure 4 reconstruction.
A0015,P0117,mentioned,Haji Fazlollah/Royani descendant in the corrected Figure 4 reconstruction.
A0015,P0118,mentioned,Haji Fazlollah/Royani descendant in the corrected Figure 4 reconstruction.
A0015,P0119,mentioned,Haji Fazlollah/Royani descendant in the corrected Figure 4 reconstruction.
A0015,P0120,mentioned,Haji Fazlollah/Royani descendant in the corrected Figure 4 reconstruction.
A0015,P0121,mentioned,Haji Fazlollah/Royani descendant in the corrected Figure 4 reconstruction.
A0015,P0122,mentioned,Haji Fazlollah/Royani descendant in the corrected Figure 4 reconstruction.
A0015,P0123,mentioned,Haji Fazlollah/Royani descendant in the corrected Figure 4 reconstruction.
A0015,P0124,mentioned,Haji Fazlollah/Royani descendant in the corrected Figure 4 reconstruction.
A0015,P0125,mentioned,Haji Fazlollah/Royani descendant in the corrected Figure 4 reconstruction.
A0015,P0126,mentioned,Haji Fazlollah/Royani descendant in the corrected Figure 4 reconstruction.
A0015,P0127,mentioned,Haji Fazlollah/Royani descendant in the corrected Figure 4 reconstruction.
A0015,P0128,mentioned,Haji Fazlollah/Royani descendant in the corrected Figure 4 reconstruction.
A0015,P0129,mentioned,Haji Fazlollah/Royani descendant in the corrected Figure 4 reconstruction.
A0015,P0130,mentioned,Haji Fazlollah/Royani descendant in the corrected Figure 4 reconstruction.
A0015,P0131,mentioned,Haji Fazlollah/Royani descendant in the corrected Figure 4 reconstruction.
A0015,P0132,mentioned,Haji Fazlollah/Royani descendant in the corrected Figure 4 reconstruction.
A0015,P0133,mentioned,Haji Fazlollah/Royani descendant in the corrected Figure 4 reconstruction.
A0015,P0134,mentioned,Haji Fazlollah/Royani descendant in the corrected Figure 4 reconstruction.
A0015,P0135,mentioned,Haji Fazlollah/Royani descendant in the corrected Figure 4 reconstruction.
A0015,P0136,mentioned,Haji Fazlollah/Royani descendant in the corrected Figure 4 reconstruction.
A0015,P0137,mentioned,Haji Fazlollah/Royani descendant in the corrected Figure 4 reconstruction.
A0015,P0138,mentioned,Haji Fazlollah/Royani descendant in the corrected Figure 4 reconstruction.
A0015,P0139,mentioned,Haji Fazlollah/Royani descendant in the corrected Figure 4 reconstruction.
A0015,P0140,mentioned,Haji Fazlollah/Royani descendant in the corrected Figure 4 reconstruction.
A0015,P0141,mentioned,Haji Fazlollah/Royani descendant in the corrected Figure 4 reconstruction.
A0015,P0142,mentioned,Haji Fazlollah/Royani descendant in the corrected Figure 4 reconstruction.
A0015,P0143,mentioned,Haji Fazlollah/Royani descendant in the corrected Figure 4 reconstruction.
A0015,P0144,mentioned,Haji Fazlollah/Royani descendant in the corrected Figure 4 reconstruction.
A0015,P0145,mentioned,Haji Fazlollah/Royani descendant in the corrected Figure 4 reconstruction.
A0015,P0146,mentioned,Haji Fazlollah/Royani descendant in the corrected Figure 4 reconstruction.
A0015,P0147,mentioned,Haji Fazlollah/Royani descendant in the corrected Figure 4 reconstruction.
A0015,P0148,mentioned,Haji Fazlollah/Royani descendant in the corrected Figure 4 reconstruction.
A0015,P0149,mentioned,Haji Fazlollah/Royani descendant in the corrected Figure 4 reconstruction.
A0015,P0150,mentioned,Haji Fazlollah/Royani descendant in the corrected Figure 4 reconstruction.
A0015,P0151,mentioned,Haji Fazlollah/Royani descendant in the corrected Figure 4 reconstruction.
A0015,P0152,mentioned,Haji Fazlollah/Royani descendant in the corrected Figure 4 reconstruction.
A0015,P0153,mentioned,Haji Fazlollah/Royani descendant in the corrected Figure 4 reconstruction.
A0015,P0154,mentioned,Haji Fazlollah/Royani descendant in the corrected Figure 4 reconstruction.
A0015,P0155,mentioned,Haji Fazlollah/Royani descendant in the corrected Figure 4 reconstruction.
A0015,P0156,mentioned,Haji Fazlollah/Royani descendant in the corrected Figure 4 reconstruction.
A0015,P0157,mentioned,Unnamed child under Mohammad Khan Hajilou in the verified PowerPoint tree.
A0201,P0004,associated_person,"Document appears in the appendix explicitly devoted to decrees, orders and appointments of Haji Abdollah Khan Gharagozloo; exact role within each document awaits transcription."
A0202,P0004,associated_person,"Document appears in the appendix explicitly devoted to decrees, orders and appointments of Haji Abdollah Khan Gharagozloo; exact role within each document awaits transcription."
A0203,P0004,associated_person,"Document appears in the appendix explicitly devoted to decrees, orders and appointments of Haji Abdollah Khan Gharagozloo; exact role within each document awaits transcription."
A0204,P0004,associated_person,"Document appears in the appendix explicitly devoted to decrees, orders and appointments of Haji Abdollah Khan Gharagozloo; exact role within each document awaits transcription."
A0205,P0004,associated_person,"Document appears in the appendix explicitly devoted to decrees, orders and appointments of Haji Abdollah Khan Gharagozloo; exact role within each document awaits transcription."
A0206,P0004,associated_person,"Document appears in the appendix explicitly devoted to decrees, orders and appointments of Haji Abdollah Khan Gharagozloo; exact role within each document awaits transcription."
A0207,P0004,associated_person,"Document appears in the appendix explicitly devoted to decrees, orders and appointments of Haji Abdollah Khan Gharagozloo; exact role within each document awaits transcription."
A0208,P0004,associated_person,"Document appears in the appendix explicitly devoted to decrees, orders and appointments of Haji Abdollah Khan Gharagozloo; exact role within each document awaits transcription."
A0209,P0004,associated_person,"Document appears in the appendix explicitly devoted to decrees, orders and appointments of Haji Abdollah Khan Gharagozloo; exact role within each document awaits transcription."
A0210,P0008,subject,Identity inherited from legacy P0008.jpg Explorer portrait filename.
A0211,P0037,subject,Identity inherited from legacy P0037.jpg Explorer portrait filename.
A0212,P0040,subject,Identity inherited from legacy P0040.jpg Explorer portrait filename.
A0213,P0022,subject,Captioned and family-verified identity.
A0214,P0005,subject,Captioned and family-verified identity.
A0214,P0006,subject,Captioned and family-verified identity.
A0215,P0170,subject,Captioned and family-verified identity.
A0216,P0019,subject,Captioned and family-verified identity.
A0217,P0042,historical_subject,Funeral/context photograph for Mohsen Gharagozloo; not a portrait likeness.
A0218,P0042,historical_subject,Funeral/context photograph for Mohsen Gharagozloo; not a portrait likeness.
A0218,P0041,attendee,Caption explicitly identifies Hossein Ali Gharagozloo among attendees.
A0219,P0008,subject,Captioned and family-verified identity; second named person Ali Amiri is unresolved.
A0220,P0006,subject,Captioned and family-verified identity.
A0221,P0004,subject,Captioned and family-verified identity.
A0222,P0005,subject,Captioned and family-verified identity.
A0222,P0006,subject,Captioned and family-verified identity.
A0223,P0041,subject,Captioned and family-verified identity.
A0224,P0042,subject,Caption identifies Mohsen Khan Gharagozloo; other captioned people remain contextual/unlinked.
A0225,P0023,subject,Source-captioned identity.
A0227,P0033,subject,Source-captioned identity.
A0230,P0093,subject,Source-captioned identity; spouse retained in caption only.
A0232,P0022,subject,Source-captioned identity.
A0233,P0023,subject,Source-captioned identity.
A0234,P0024,subject,Source-captioned identity.
A0236,P0005,subject,Source-captioned identity; primary portrait chosen explicitly by archive curator/user.
A0241,P0023,subject,Captioned and family-verified identity.
A0243,P0023,subject,Captioned and family-verified identity.
A0244,P0170,subject,Caption identifies Gholam Ali Khan Hesam al-Molk III.
A0244,P0024,subject,Caption identifies Gholamreza Khan Ehtesham al-Dowleh.
A0245,P0008,subject,Captioned and family-verified identity.
A0247,P0042,subject,Caption identifies Mohsen Gharagozloo.
A0252,P0042,attendee,Caption identifies Mohsen Gharagozloo among attendees.
A0219,P0178,subject,Family-verified caption identifies Ali Amiri Gharagozloo with his father P0008.
A0254,P0178,subject,Linked through Local Curator Mode
A0255,P0009,subject,
A0240,P0182,subject,Family-verified photographs of Amirzadeh Khanom; canonical identity established in migration 0056.
