citation_id,source_id,page_printed,page_file,locator_text,quoted_text,notes
X0001,S0001,61,,"Chapter 2, discussion of the Amir Nezam Letgahi family","The Amir Nezam Letgahi family is traced through Abdollah Khan, son of Mostafa Qoli Khan E'temad al-Saltaneh, son of Mohammad Baqer Khan, son of Haji Mohammad Khan Jeyhunabadi; Mohtaj Ali Khan and Mansur Ali Khan are named as his sons.",
X0002,S0001,61,,Same passage,"Letgah is identified as the family's main center, and Kabudarahang as another important landed area.",
X0003,U0001,,,User correction in project conversation,"The user's father belongs under Gholamhossein Khan, not Gholam Ali; Gholam Ali and Gholamhossein are brothers.",
X0004,U0001,,,User visual correction of family-tree figure,Mansur Ali Khan has no descendants shown in the figure.,
X0005,S0001,152,,Khuzestan appointment and title grants,Abdollah Khan was appointed governor of Khuzestan; Hossein Qoli Khan received Sa'ed al-Saltaneh and Mohtaj Ali Khan received Ejlal al-Mamalek.,
X0006,S0001,61,,Amir Nezam Letgahi family,Mohtaj Ali Khan Ejlal al-Mamalek Amir Arfa' and Mansur Ali Khan Sardar Akram are identified as sons of Abdollah Khan.,
X0007,S0001,224,,Index entry,The index lists Mohtaj Ali Khan Ejlal al-Mamalek Amir Arfa' on pages 61 and 152.,
X0008,S0001,60,,Chapter 2 genealogy of the Ashiqloo branch,"Mohammad Hossein Khan had five sons, including Nabi Khan Gharagozloo.",Supports parentage and branch.
X0009,S0001,119,,"Chapter 3, section 3-2-8","Thousands of Gharagozloo troops served in the Herat campaign under Nabi Khan; Abdollah Khan, holding the rank of yavar, supported his troops.",Herat deployment and ranks.
X0010,S0001,119,,Same passage,"In 1255 AH British forces attacked Bushehr; fifty Gharagozloo soldiers guarded the port, but the small Iranian force could not prevent occupation.",Bushehr guard.
X0011,S0001,120,,Herat fortress fighting,Abdollah Khan was wounded and consequently obtained the rank of sarhang; Gharagozloo troops worked to capture the fortress and open its gates.,Promotion and combat role.
X0012,S0001,120,,Herat fortress fighting,Shir Ali Khan repeatedly climbed the fortress wall and attempted to plant the victory flag; he received a robe of honor and decoration.,Individual valor.
X0013,S0001,120,,Herat casualties,"Rashid Khan, a colonel of the Mokhberan regiment, was wounded in the leg; Nabi Khan was severely wounded and died shortly afterward.",Wounds and death.
X0014,S0001,121,,Aftermath of Herat fighting,"By order of Mohammad Shah, Nabi Khan and other Gharagozloo dead were transferred for burial in Mashhad.",Burial.
X0015,S0001,128,,Administrative section on Mahmoud Khan,Mahmoud Khan was the son of Nabi Khan and a descendant of Mohammad Hossein Khan Ashiqloo; after Nabi Khan’s death at Herat Mohammad Shah issued a decree concerning him.,Genealogy and succession context.
X0016,S0001,135,,"Chapter 3, Anglo-Persian War",Mahmoud Khan advocated peace; Mostafa Qoli Khan Mirpanj attempted to stop the British ship at Bandar Lengeh and exchanged fire before withdrawing inland.,
X0017,S0001,135-136,,Southern campaign,Rustam Khan and his son Ali Khan joined Iranian forces against the British; Ali Khan suffered a superficial arm wound and three Gharagozloo soldiers were captured.,
X0018,S0001,137,,Laristan and Kerman operations,Ali Naqi Khan defeated Nasrallah Khan in Bikhuh; Ali Khan Nosrat al-Molk and Lotf Ali Khan served with Gharagozloo troops in Kerman.,
X0019,S0001,137,,Kerman rewards,"Mohammad Hossein Khan, son of Ali Khan, was granted the title Hosam al-Molk in 1287 AH for service in Kerman.",
X0020,S0001,139,,Hosam al-Molk family marriage,Zeyn al-Abedin Khan married his son Gholamreza Khan Ehtesham al-Saltaneh to Qamar al-Saltaneh in 1309 AH in a costly month-long celebration.,
X0021,S0001,140,,Hamadan arrests,"Hosam al-Molk, Saed al-Saltaneh, and Zia al-Molk were blamed for unrest, dismissed, and detained in 1310 AH.",
X0022,S0001,141,,Hosam al-Molk offices and bribes,Hosam al-Molk offered very large payments to obtain provincial governments and was ultimately appointed governor of Kermanshah on 12 Rabi I 1311 AH.,
X0023,S0001,141,,Aqa Jan case,"Aqa Jan Gharagozloo, a yavar, fled after Pavlov was killed in an altercation with his servant Hasan Tupchi; he was arrested in Hamadan and delivered to the Russian embassy.",
X0024,S0001,142,,Late Qajar military decline and Shiraz mission,"The role of tribal regiments declined; Gharagozloo forces under Saed al-Saltaneh were sent against unrest in Shiraz in Shawwal 1311 AH, with seven or eight deaths.",
X0025,S0001,142-143,,Mahmoud Khan succession and governorships,"Mahmoud Khan, son of Nabi Khan, inherited his father’s command, served as deputy governor in Hamadan, and received several district governments.",
X0026,S0001,143,,Mahmoud Khan promotion,"After Nabi Khan’s death, Mahmoud Khan was appointed colonel in 1254 AH and promoted to sartip in 1255 AH before service in Khorasan.",
X0027,S0001,144-145,,Mahmoud Khan diplomatic and ministerial career,"Mahmoud Khan served as envoy to Russia, returned as mirpanj, and later held senior ministries and ceremonial diplomatic assignments.",
X0028,S0001,146-147,,Mahmoud Khan industry and offices,"Mahmoud Khan imported machinery for a steam spinning mill, became first minister of commerce, and held posts in Gilan, Khorasan, Kurdistan, and London diplomacy.",
X0029,S0001,147-150,,Deaths and family relations,"The book records deaths, marriages, succession, and offspring among Sarem al-Saltaneh, Ali Naqi Khan, Ali Khan, Amanollah Khan, Mostafa Qoli Khan, Mahmoud Khan, and Hosam al-Molk.",
X0030,S0001,151-153,,Mozaffar al-Din Shah period appointments,"Hosam al-Molk, Abdollah Khan Sardar Akram, and their sons received governorships, titles, and honors; Islamiyyeh School was founded at Shervin.",
X0031,S0001,154-158,,Hamadan grain crisis,"Gharagozloo khans restricted grain, resisted official orders, and attempted to remove Vakil al-Roaya after the bread crisis.",
X0032,S0001,159-161,,Mohammad Ali Shah and Jamal al-Din Vaez,Gharagozloo regiments fought Tabriz Constitutionalists and Amir Afkham ordered the killing of Seyyed Jamal al-Din Vaez in Borujerd.,
X0033,S0001,161-163,,Regency and Salar al-Dowleh,Naser al-Molk became regent; Gharagozloo khans participated ambiguously in the Salar al-Dowleh crisis; the Second Majles was dissolved.,
X0034,S0001,164-166,,World War I to fall of Qajars,Alireza Baha al-Molk entered the Third Majles; Russian forces occupied Hamadan with Amir Afkham’s support; Amir Nezam served as war minister and was arrested after the 1921 coup; Zia al-Molk Farmand joined the Constituent Assembly.,
X0035,S0001,167,,"Chapter 4, printed page 167",,Chapter 4 mining package
X0036,S0001,168,,"Chapter 4, printed page 168",,Chapter 4 mining package
X0037,S0001,169,,"Chapter 4, printed page 169",,Chapter 4 mining package
X0038,S0001,170,,"Chapter 4, printed page 170",,Chapter 4 mining package
X0039,S0001,171,,"Chapter 4, printed page 171",,Chapter 4 mining package
X0040,S0001,172,,"Chapter 4, printed page 172",,Chapter 4 mining package
X0041,S0001,173,,"Chapter 4, printed page 173",,Chapter 4 mining package
X0042,S0001,174,,"Chapter 4, printed page 174",,Chapter 4 mining package
X0043,S0001,175,,"Chapter 4, printed page 175",,Chapter 4 mining package
X0044,S0001,176,,"Chapter 4, printed page 176",,Chapter 4 mining package
X0045,S0001,177,,"Chapter 4, printed page 177",,Chapter 4 mining package
X0046,S0001,178,,"Chapter 4, printed page 178",,Chapter 4 mining package
X0047,S0001,179,,"Chapter 4, printed page 179",,Chapter 4 mining package
X0048,S0001,180,,"Chapter 4, printed page 180",,Chapter 4 mining package
X0049,S0001,181,,"Chapter 4, printed page 181",,Chapter 4 mining package
X0050,S0001,182,,"Chapter 4, printed page 182",,Chapter 4 mining package
X0051,S0001,183,,"Chapter 4, printed page 183",,Chapter 4 mining package
X0052,S0001,184,,"Chapter 4, printed page 184",,Chapter 4 mining package
X0053,S0001,185,,"Chapter 4, printed page 185",,Chapter 4 mining package
X0054,S0001,186,,"Chapter 4, printed page 186",,Chapter 4 mining package
X0055,S0001,187,,Conclusion,,Conclusion pages.
X0056,S0001,187,,Conclusion,,Conclusion pages.
X0057,S0001,187,,Conclusion,,Conclusion pages.
X0058,S0001,187,,Conclusion,,Conclusion pages.
X0059,S0001,187-188,,Conclusion,,Conclusion pages.
X0060,S0001,188,,Conclusion,,Conclusion pages.
X0061,S0001,188,,Conclusion,,Conclusion pages.
X0062,S0001,55-60,,"Chapter 2, section 2-1: social structure and principal branches",,Narrative-text evidence.
X0063,S0001,59-61,,Chapter 2: major landed families and their property centers,,Narrative-text evidence.
X0064,S0001,61-72,,"Chapter 2, section 2-2: ownership and economic structure",,Narrative-text evidence.
X0065,S0001,79-80,,"Chapter 2, section 2-3: military hierarchy and Gharagozloo military importance",,Narrative-text evidence.
X0066,S0001,80-82,,"Chapter 2, section 2-3-1: principal Gharagozloo regiments",,Narrative-text evidence.
X0067,S0001,81-82,,Chapter 2: command succession among regiments,,Narrative-text evidence.
X0068,S0001,82-85,,"Chapter 2: infantry service, artillery, pay arrears, and military office",,Narrative-text evidence.
X0069,S0001,11-19,,"Chapter 1, section 1-1: tribal origins and competing theories",,Textual discussion of origin traditions and historiography.
X0070,S0001,20-24,,"Chapter 1, section 1-2-1: Gharagozloo in the Seljuk period",,Narrative and quoted historical-source evidence.
X0071,S0001,25-29,,"Chapter 1, section 1-2-2: Timurid-period traditions",,Narrative-text evidence with explicit uncertainty.
X0072,S0001,29-43,,"Chapter 1, section 1-2-3: Safavid period",,Narrative and quoted historical-source evidence.
X0073,S0001,43-46,,"Chapter 1, section 1-2-4: fall of the Safavids to the death of Nader Shah",,Narrative and quoted historical-source evidence.
X0074,S0001,46-51,,"Chapter 1, section 1-2-5: alliance with the Zands",,Narrative and quoted historical-source evidence.
X0075,S0001,51-54,,"Chapter 1, section 1-3: family genealogy and historical cautions",,Narrative discussion of genealogy and evidentiary limits.
X0076,S0001,59-61,,Chapter 2 branch and family-line summary,,Text-first lineage and landed-family classification.
X0077,S0001,67-84,,Chapter 2 military organization and regimental succession,,"Military ranks, commands, regiments, and succession."
X0078,S0001,96-166,,Chapter 3 political and military narrative,,Career events for the reconciled Qajar-era figures.
X0079,S0001,167-186,,Chapter 4: Mirza Abu al-Qasem Khan Naser al-Molk,,Primary dossier narrative for Naser al-Molk.
X0080,S0001,213,,Hajilu genealogy diagram,,Supporting visual evidence only; small type and low scan quality.
X0081,U0001,,,Family testimony supplied by archive owner,,Used only where clearly labeled as user-supplied evidence.
X0082,S0001,59-61,,Chapter 2 family branches and the five sons of Mohammad-Hossein Khan,,Supports family identities and succession in the first Ashiqloo generation.
X0083,S0001,67-84,,"Chapter 2 military organization, commands, and regimental succession",,"Supports ranks, commands, and hereditary military succession."
X0084,S0001,96-166,,"Chapter 3 political, military, estate, and provincial narrative",,"Supports campaigns, offices, landholding, and political activity."
X0085,S0001,199-203,,Documentary portrait captions for the Hesam al-Molk / Amir Afkham line,,Supports portrait identities and family relationships.
X0086,S0001,167-186,,Chapter 4 Naser al-Molk narrative and family information,,Used for conflict comparison and related contextual evidence.
X0087,S0002,,,Conversation testimony dated 2026-07-14: immediate family of Dr. Alireza and Hossein Gholi Amiri Gharagozloo,,Supports the names and immediate parent/spouse relationships inserted by migration 0017.
X0088,S0001,59-61,,Chapter 2 branch and landed-family classification,,Textual evidence distinguishing the Hajilou and Ashiqloo lines and identifying the Jeyhunabadi/Amir Nezam family as Hajilou.
X0089,S0001,212-213,,Figures 3 and 4: separate Ashiqloo and Hajilou genealogies,,Visual corroboration that the book presents Ashiqloo and Hajilou as separate genealogical reconstructions; diagram evidence remains secondary to prose.
X0090,S0001,213,,Figure 4 — Hajilou genealogy; family group of Sartip Mohammad-Baqer Khan,,"Diagram shows Mohammad-Baqer Khan as a son of Haji Mohammad Khan Jeyhunabadi and depicts four sons under Mohammad-Baqer: Alireza Khan, Kazem Khan, Mostafa-Qoli Khan E'temad al-Saltaneh, and Mahmoud Khan. Diagram evidence is treated as probable pending prose or independent corroboration."
X0091,S0001,61,,Chapter 2 — Amir Nezam Letgahi lineage statement,,"Prose identifies Abdollah Khan as son of Mostafa-Qoli Khan, son of Mohammad-Baqer Khan, son of Haji Mohammad Khan Jeyhunabadi, and classifies the family as Hajilou."
X0092,S0001,213,,Figure 4 — Hajilou genealogy; Alireza Khan descendant group,,Figure 4 shows two children under Alireza Khan. The upper child has four children. The upper child's name was confirmed directly from the Persian figure as Ali Khan Jalal al-Molk Gharagozloo. A possible trailing descriptor after Asadollah Khan remains unresolved.
X0093,S0001,58-59,,Chapter 2 — early Hajilou leadership and genealogy,,"The narrative identifies Haji Mohammad Jafar Khan as Hajilou chief in the Zand period; states that Haji Abdollah Khan was his son and had five male children; identifies Haji Safar as a son of Haji Abdollah; and names Haji Fazlollah Royani, Haji Mohammad Khan Jeyhunabadi, Nasrollah Khan Korijani, and Haji Mina Khan Kabudarahangi in the early Hajilou family discussion."
X0094,S0001,213,,Figure 4 — older Hajilou trunk above the Jeyhunabadi line,,"The diagram shows Haji Mohammad Jafar Khan above Haji Abdollah Khan and places five branch heads beneath Haji Abdollah: Haji Fazlollah Khan, Nasrollah Khan, Haji Safar Khan, Haji Mina Khan Kabudarahangi, and Haji Mohammad Khan Jeyhunabadi. Persian labels were reviewed directly with the archive owner."
X0095,S0001,58-59,,Chapter 2 — Hajilou genealogy and Majzub Ali Shah,,Identifies Majzub Ali Shah Kabudarahangi as the son of Haji Safar Khan and grandson of Haji Abdollah Khan in the Hajilou branch.
X0096,S0001,213,,Figure 4 — Haji Safar / Majzub Ali Shah branch,,"Shows Haji Safar Khan, his son Mohammad Jafar Khan Majzub Ali Shah, and five sons of Majzub Ali Shah. Labels were reviewed directly with the archive owner."
X0097,S0001,107,,"Chapter 3, section 5-2-3 — death of Majzub Ali Shah",,"States that Sheikh Mohammad Jafar Khan, son of Haji Safar Khan and titled Majzub Ali Shah, died in Tabriz in 1239 AH and was buried at the shrine of Seyyed Hamzeh."
X0098,S0001,213,,Figure 4 — Nasrollah Khan Korijani branch,,Figure 4 shows the three-generation chain Nasrollah Khan Korijani -> Gholam Khan -> Noor Ali Khan. The Persian labels and structure were confirmed directly by the archive owner.
X0099,S0001,48-51,,Chapter 1 — Zand-era military activity of Nasrollah Khan,,"Associates Nasrollah Khan with the Gharagozloo decision to support Karim Khan Zand, command of Gharagozloo forces, the Yazd mission of 1194 AH, and subsequent Zand-Qajar military activity."
X0100,S0001,59,,Chapter 2 — Hajilou identity of Nasrollah Khan Korijani,,Explicitly identifies Nasrollah Khan Korijani as a member of the Hajilou branch.
X0101,S0001,90-103,,Chapter 3 — early Qajar military service,,"Describes service with Qajar forces, guarding Isfahan in 1203 AH, command of one thousand cavalry near Qomsheh, and the western-frontier mission under Mohammad Ali Mirza Dowlatshah on 12 Rajab 1222 AH."
X0102,S0001,113-114,,Chapter 3 — offices in Fars,,"Identifies Nasrollah Khan as head of the Gharagozloo forces in Fars, military administrator in 1215 AH, Minister of Fars from 1220 AH until Nowruz 1223 AH, and a man remembered in Shiraz for poetry, good nature, and good character."
X0103,S0001,213,,Figure 4 — Haji Mina Khan Kabudarahangi branch,,Figure 4 shows Haji Mina Khan with two sons and the descendant structure entered by this migration. The branch geometry and Persian labels were read directly and confirmed by the archive owner.
X0104,S0001,58,,Chapter 2 — Haji Mina Khan Kabudarahangi,,The prose names Haji Mina Khan Kabudarahangi among the sons of Haji Mohammad Jafar Khan and identifies him as an adviser and state counsellor to Agha Mohammad Khan Qajar. This conflicts with his placement beneath Haji Abdollah Khan in Figure 4.
X0105,U0001,,,"User-supplied Haji Fazlollah branch spreadsheet, 2026-07-18",,The archive owner reconstructed the branch row by row and explicitly defined ? as uncertain and ?? as highly uncertain. Source image is preserved in docs/reconciliation/source_images.
X0106,S0001,213,,Figure 4 — Haji Fazlollah Khan Royani branch,,Published genealogy diagram underlying the user-supplied reconstruction.
X0107,S0003,14-15,,Family-history list of Haji Fazlollah descendants,,Comparison source that appears to summarize the branch differently; retained as an unresolved source conflict.
X0108,U0001,,,"User-supplied remaining Hajilou branches sheet, 2026-07-18",,"Row/column reconstruction covering the Nasrollah Khan, Haji Safar Khan, and Haji Mina Khan branches. The archive owner defined ? as uncertain and ?? as highly uncertain."
X0109,U0001,,,"Verified PowerPoint connector reconstruction of the Hajilou family tree, 2026-07-31",,"The archive owner reconstructed the family tree in PowerPoint using explicit parent-child connector objects and generation colors, then verified the assistant-generated conventional tree. This citation supports the relationship corrections in migration 0028."
X0110,U0001,,,"Verified PowerPoint correction — seven children of Abdolhossein Khan Farkhari, 2026-07-31",,"The archive owner confirmed that Mohammad Morad Beg, Fath Ali Beg, and Mohammad Vali Beg are direct children of Abdolhossein Khan Farkhari."
X0111,U0001,,,"User-confirmed Jeyhunabadi branch expansion, 2026-07-31",,"The archive owner supplied the sibling and descendant structure for Haji Mohammad Khan Jeyhunabadi, including one unreadable child recorded as ? Khan."
X0112,U0001,,,"User-confirmed children of Hossein Qoli Khan Amir Nezam, 2026-07-31",,The archive owner supplied two children: Mostafa Gharagozloo and Adel Khan Gharagozloo.
X0113,S0001,67-84,,Military organization / succession of command of the Fadavi regiment,,"Alvandi explicitly calls Hossein Qoli Khan ""Amir Nezam"" when describing his succession to command after his father."
X0114,S0003,15,,Family-history introduction / Hajilou line,,The family-history collection identifies Hossein Qoli Khan as later becoming Amir Nezam and elsewhere calls him Amir Nezam II.
X0115,S0001,212,,Figure 3 — genealogy / notable men of the Ashiqloo Gharagozloo branch,,Literal Figure 3 structure transcribed and verified by the archive owner.
X0116,S0001,59-61; 135-139; 164-186,,Narrative prose used to reconcile Figure 3,,"Prose lineage passages used for omitted generations, sibling relationships, the Naser al-Molk line, and source conflicts."
X0500,S0200,,12,Opening family genealogy: older ancestral chain,"The family genealogy traces an older line through Qara Mohammad, Haji Bonyad Khan, Haji Qasem, Haji Jafar Khan and Haji Abdollah Beg.",Family-tradition genealogy preserved in the papers; treat as transmitted genealogy rather than independently verified chronology.
X0501,S0200,,15,Opening family genealogy: sons of Haji Abdollah Beg and Haji Fathollah branch,"The genealogy enumerates Haji Fathollah as a sixth son and names Abbas Beg, Allah-Panah Beg and Heidar Qoli Beg among his children.",Strong explicit genealogical statement in the preserved family genealogy.
X0502,S0200,,15,Opening family genealogy: Haji Mohammad Khan Jeyhunabadi descendants,"The genealogy gives six sons for Haji Mohammad Khan, including Mohammad Baqer, Haji Hamze, Haji Ali Mohammad, Mehdi Khan Sartip, Zolfaghar and Mohammad Qoli.",This list differs from the current canonical v2.8.0 child set; preserve as a source conflict/alternate tradition.
X0503,S0200,,15,Opening family genealogy: Haji Safar descendants,"The genealogy names Mohammad Jafar Khan Majzub Ali Shah, Sadeq Beg, Amin Beg, Rahim Beg and Hossein Ali Beg as children of Haji Safar.",Additive family-genealogy evidence; no canonical edge changes in this migration.
X0504,S0200,,15,Opening family genealogy: Haji Mina descendants and branch origins,"The genealogy names several Haji Mina descendants and associates Safi Qoli with the Kabudarahang khans, Abolqasem with the Yekleh family and Mohammad Ali with Haji Noor Ali.",Several identities do not yet have safe canonical matches; keep them at evidence level.
X0505,S0200,,15,Opening family genealogy: Haji Fazlollah and Nasrollah branches,"The genealogy gives branch histories, service context and descendant lists for Haji Fazlollah and Nasrollah, including Nasrollah's seven named children.",Evidence enrichment only; descendant placement remains pending reconciliation.
X0600,S0200,35,,Editor's introduction: Sarakhs mission and manuscript attribution,Abdollah Khan is identified as son of Mostafa Qoli Khan E'temad al-Saltaneh and colonel of the Fadavi Regiment during his Sarakhs service.,Editorial introduction identifying the author and mission context.
X0601,S0200,84–92,,"Report on Sarakhs and Naseriyeh Fortress: route, fortress and defensive setting","The report describes Naseriyeh Fortress, its gates, nearby forts, patrols, and the Sarakhs defensive landscape.",Firsthand report by Abdollah Khan.
X0602,S0200,92–95,,Report on Sarakhs and Naseriyeh Fortress: garrison life and security,"Soldiers stood night guard and also performed daytime water, fuel, patrol and frontier-security duties.",Firsthand observation and administrative assessment.
X0603,S0200,94–95,,Report on Sarakhs and Naseriyeh Fortress: manpower reform proposal,Abdollah Khan argues that twenty-seven useful cavalrymen would be more effective than two hundred subsidized kharalchi households.,"Author's reform proposal, not an objective statistical conclusion."
X0604,S0200,95–99,,"Report on Sarakhs and Naseriyeh Fortress: climate, river and local environment","The report describes severe winter conditions, river behavior, water works, surrounding terrain and local environmental conditions.",Firsthand and locally reported observations.
X0605,S0200,97–99,,Report on Sarakhs and Naseriyeh Fortress: Qal'eh Now and Qal'eh Qassab,Qal'eh Now had a permanent twenty-five-man garrison to protect dam workers; Qal'eh Qassab was an old uninhabited ruin.,Source-stated historical distances are preserved in claims without modern conversion.
X0606,S0200,98–102,,Report on Sarakhs and Naseriyeh Fortress: agriculture and water supply,"Abdollah Khan describes fertile soil, grain and fodder production, water shortages, wells and annual dam work.","Mix of direct observation, local testimony and administrative estimates."
X0607,S0200,100–102,,Report on Sarakhs and Naseriyeh Fortress: closing fiscal and agricultural recommendations,"The report proposes local cultivation, reduced ration dependency and cash valuation tied to Mashhad grain prices.",Author's administrative recommendations.
X0608,S0200,103–104,,Kitabche-ye Merv: purpose and source criticism,Abdollah Khan says he investigated Turkmen conditions during nearly two years at Sarakhs and cautions that oral tribal histories are not fully reliable.,Important source-critical statement by the author.
X0609,S0200,106–108,,Kitabche-ye Merv: Salur relocation and conflict,"The account describes Salur cooperation with Iranian forces, relocation to Old Sarakhs, and later forced movement toward Merv.",Historical narrative based substantially on Turkmen informants rather than eyewitness observation.
X0610,S0200,106–108,,Kitabche-ye Merv: Teke force under Qushid Khan and Khajqa Sardar,The source reports a force of about three thousand cavalry and infantry sent against the Salur under Khajqa Sardar.,Source-stated approximate force size; preserve as attributed historical testimony.
X0611,S0200,103–110,,"Kitabche-ye Merv: Teke, Salur, Merv and Sarakhs historical geography","The account connects Teke and Salur communities to Merv, Akhal, Tejen, Zurabad and Sarakhs and describes migration, irrigation and political pressure.",Regional ethnographic/historical material with mixed evidence basis.
X0612,S0200,1296 AH colophon,,Report colophon,The Sarakhs report closes with a composition date of 1296 AH.,Direct dating statement in the work.
X0700,S0200,,53,Khuzestan/Lorestan report opening and mission framing,Abdollah Khan frames the work as the result of roughly two and a half years in Khuzestan and observation of the Lorestan road.,Primary-source report by Abdollah Khan.
X0701,S0200,,62,Khuzestan climate and regional geography,"The report compares the climate of Dezful, Shushtar, Falahiyah and Mohammerah and describes the river systems of Khuzestan.",Firsthand regional observations.
X0702,S0200,,67,Military forces in Khuzestan and Fadavi deployment,"The Fadavi Regiment arrived before Nezam al-Saltaneh, camped outside Dezful, then moved toward Falahiyah, Ahvaz and Hoveyzeh.",Military-service narrative.
X0703,S0200,,70,Shahsevan cavalry and artillery at Shushtar,Aqajan Khan Sartip served with Shahsevan cavalry and as deputy governor of Dezful; old artillery at Shushtar required repair.,Personnel and military-infrastructure observations.
X0704,S0200,,73,Hoveyzeh agricultural and tribal geography,"The report describes dry farming, grazing, and major tribal settlements around Hoveyzeh.",Contemporary regional description.
X0705,S0200,,78,Bani Saleh and Bani Torof,"The report describes Bani Saleh leaders, seasonal grazing and cultivation, and comments on Bani Torof territorial power.",Household figures require reconciliation before normalization.
X0706,S0200,,84,Dezful–Shush corridor and local security,Shush and the shrine of Daniel are described in relation to Dezful; Karim Khan and government cavalry are associated with local security.,"Road, antiquity and security observations."
X0707,S0200,,91,Dezful urban economy and bridge,"Dezful is described as comparatively prosperous, with markets, caravanserais, bathhouses, long-distance trade and a damaged bridge under local repair.",Contemporary urban/economic description.
X0708,S0200,,92,Falahiyah political crisis and Sheikh Ja'far Khan,"The source describes the conflict involving Sheikh Abdollah Khan, Sheikh Ja'far Khan, government mediation, troops and artillery.",Political-military episode.
X0709,S0200,,103,Ahvaz and Mohammerah infrastructure and shipping,Abdollah Khan discusses Ahvaz irrigation works and argues for better port and shipping procedures at Mohammerah.,Infrastructure and commercial reform proposals.
X0710,S0200,,111,Lower Khuzestan military dispositions,"The report describes troops, artillery and military deployments around Shushtar, Ahvaz and Mohammerah.",Military-service account.
X0711,S0200,,121,Hoveyzeh/Falahiyah political administration,"The report discusses Hoveyzeh ruling families, fiscal assignments, Mowla Motalleb Khan and the political weight of Bani Torof.",Political-administrative observations.
X0800,S0200,15,16,Editor introduction: Sarakhs through Fars transition,The editor traces Abdollah Khan from Sarakhs and Astarabad to Khuzestan and the 1309 AH move to Shiraz with responsibility for city and citadel security.,Biographical synthesis in the editor's introduction.
X0801,S0200,16–17,17,Editor introduction: Hamadan crisis and return to command,"The editor describes the 1310 AH Hamadan crisis, detention in Tehran, and Abdollah Khan's rapid return to military command.",Political chronology; motives for punishment are discussed through competing accounts.
X0802,S0200,17,18,Editor introduction: Fars deputy governorship and Khuzestan appointment,"The editor follows the 1311 AH Fars deputy governorship, Shiraz unrest and later appointment to govern Khuzestan as Sardar Akram.",Biographical synthesis.
X0803,S0200,18–19,19,"Editor introduction: constitutional-era opposition, grain crisis, and 1325 AH reversal","The editor records opposition to the Majles, Hamadan grain complaints, abolition of command and the blocked Kurdistan nomination.",Political claims remain source-attributed.
X0804,S0200,19–20,20,"Editor introduction: 1326 AH protest, restoration and Tabriz campaign","The editor describes the Fadavi wage protest, War Ministry proceedings, restoration under Mohammad Ali Shah and the Amir Nezam title.",Biographical synthesis.
X0805,S0200,20,21,"Editor introduction: finance ministry, Kurdistan, excavation controversy and Salar al-Dowleh","The editor records later offices and controversies, including the finance ministry, Kurdistan, Kordabad excavations and Salar al-Dowleh episode.",Some passages report accusations or hostile assessments and must remain attributed.
X0806,S0200,21,22,"Editor introduction: Third Majles, later finance ministry, and death","The editor records election from Hamadan with 4,829 votes, later finance-ministry service, and death on 23 Sha'ban 1334 AH / 1916 CE.",Late-career chronology and death.
X0807,S0200,21–22,22,Mosaddegh retrospective criticism of Amir Nezam as finance minister,A retrospective account attributed to Mohammad Mosaddegh criticizes Amir Nezam's financial-administrative competence and use of divination in appointments.,"Store as attributed retrospective criticism, not neutral fact."
X0900,S0200,205–332,,Safarnameh-ye Makkah: overall work and 1319 AH pilgrimage,"Abdollah Khan's Mecca travelogue records the international route, pilgrimage, administration, illness, and observations of cities and transport.",Primary first-person travelogue; broad work-level citation.
X0901,S0200,,,Safarnameh-ye Makkah: Baku / Tiflis / Batum / Sevastopol route comparison,"Abdollah Khan compares rail and sea routes from Baku toward Istanbul, including travel time, cost and ticketing.",First-person travel-route discussion.
X0902,S0200,,,Safarnameh-ye Makkah: Istanbul to Jeddah through-ticket,"The diary describes a through-ticket from Istanbul to Jeddah using ship travel to Alexandria, railway transport toward Suez, and another ship to Jeddah.",First-person transport observation.
X0903,S0200,,,Safarnameh-ye Makkah: Alexandria–Suez railway,"The diary records railway staging and distance information between Alexandria/Egypt and Suez, including Ismailia.",Historical transport data retained as source-stated.
X0904,S0200,,,"Safarnameh-ye Makkah: arrival at Jeddah, 27 Dhu al-Qa'dah 1319 AH",Abdollah Khan describes the dangerous rocky harbor approach and a local pilot boarding the ship to guide it into Jeddah.,First-person maritime observation.
X0905,S0200,,,Safarnameh-ye Makkah: Iranian consular fees and pilgrim grievances,"Abdollah Khan alleges repeated passport, transport and other fee extraction from Iranian pilgrims and criticizes the Jeddah consular operation.",Authorial accusation and reform judgment; not independently verified by this migration.
X0906,S0200,,,Safarnameh-ye Makkah: Mecca urban observations,"Abdollah Khan estimates Mecca's population, describes multi-story stone-and-plaster houses and comments critically on street sanitation.",First-person urban observation; numerical estimates remain source-attributed.
X0907,S0200,,,"Safarnameh-ye Makkah: cholera and route decision, 13–15 Dhu al-Hijjah 1319 AH","The diary records worsening cholera, reconsideration of the Medina route, use of estekhareh, numerous deaths, and delayed departure for lack of transport animals.",First-person public-health and travel-decision account.
X0908,S0200,,,"Editor notes: death of Abdollah Khan's wife, 15 Dhu al-Hijjah 1319 AH",The editor explains that Abdollah Khan's wife became critically ill during the pilgrimage and died on 15 Dhu al-Hijjah 1319 AH after the rites.,Editor commentary based on the travelogue context.
X0909,S0200,,,Safarnameh-ye Makkah: 17 Dhu al-Hijjah meeting with the Sharif of Mecca,"Abdollah Khan describes visiting the Sharif, refusing the customary hand-kissing gesture, and discussing pilgrim concerns.",First-person social and political encounter.
X0910,S0200,,,Safarnameh-ye Makkah: final sacred-site visits and surviving end of diary,The closing entries include visits to the cemetery associated with Abu Talib and other sacred figures before the surviving diary ends.,Closing portion of the surviving travelogue.
X0911,S0200,,,Editor introduction: referenced but missing Europe travelogue,The editor states that Abdollah Khan refers in the Mecca travelogue to a separate European travelogue that was not among the eight works located for this volume.,Important source-preservation note; the Europe travelogue itself is not treated as available evidence.
X0912,S0200,,,Surviving writings: retrospective references to European travel,"The surviving writings/editorial synthesis refer to Abdollah Khan having visited European cities including Rome, Paris, St. Petersburg and Moscow and to meeting the King of Italy.","Retrospective references, not a substitute for the missing Europe diary."
X1000,S0200,,,Kitabcheh-ye Merv: work boundary and completion,The Merv booklet is a distinct work by Abdollah Khan and ends with a completion date of 1296 AH.,Primary-source work boundary.
X1001,S0200,,,"Kitabcheh-ye Merv: Teke divisions, Tejen and Qarli Band","The source describes Aqtemish and Taqtemish divisions, Tejen settlement, Araz Khan, Qarli Band and the agricultural effects of irrigation.",Ethnographic and environmental description.
X1002,S0200,,,Kitabcheh-ye Merv: Khvajam Shokur Aq-Saqal,The source describes Khvajam Shokur as an influential Teke leader associated with movements between Tejen and Sarakhs and a large following.,Historical political/tribal narrative.
X1003,S0200,,,Kitabcheh-ye Merv: rise of Qushid Khan,"The source recounts Qushid Khan's selection as commander, later fortress building, and expansion of influence toward Tejen.",Historical political-military narrative.
X1004,S0200,,,Kitabcheh-ye Merv: Mohammad Amin Khan of Khiva campaign,"The source narrates Mohammad Amin Khan's advance, the siege near Sarakhs, Teke sorties, his death, and Mir Ahmad Khan Jamshidi's organized retreat.",Historical battle narrative.
X1005,S0200,,,Kitabcheh-ye Merv: post-Qushid leadership structure,"The source says leadership fragmented after Qushid Khan and names Baba Khan, Araz Morad Khan, Beg Morad Khan, Nur Verdi Khan and other elders.",Political leadership description.
X1006,S0200,,,"Kitabcheh-ye Merv: Merv economy, markets, irrigation and fuel","The source discusses irrigation dependence, agriculture, fuel gathering, periodic markets, labor mobilization and wealth distribution.",Economic/environmental observations.
X1007,S0200,,,Kitabcheh-ye Merv: Teke military capacity,"Abdollah Khan comments on declining cavalry numbers and describes strong prone rifle infantry, including a reported effective range around 300 paces.",Authorial military assessment.
X1008,S0200,,,Kitabcheh-ye Merv: Salur status under Teke rule,"The source portrays Salur communities as politically and economically subordinate in Merv, with limited land/water autonomy and social barriers.",Ethnographic/social description; preserve source attribution.
X1100,S0200,,,"Kalat Report 1: livestock, pasture and carrying capacity","Abdollah Khan estimates internal livestock capacity, actual sheep holdings, seasonal grazing, and year-round horse pasture in Kalat.",Source-stated estimates.
X1101,S0200,,,"Kalat Report 1: fuel, pistachio woodland and local resources","The report discusses Shir Kuh fuel resources, wild pistachio growth and local agricultural/economic potential.",Environmental/economic observations.
X1102,S0200,,,Kalat Report 1: cumin and underused economic resources,Abdollah Khan argues that abundant local cumin could potentially cover Kalat's tax burden if collected efficiently.,Authorial economic assessment.
X1103,S0200,,,Kalat Report 1: local production and provisioning capacity,"The report gives household, work-animal and grain-production estimates and argues that Kalat could provision a much larger population than required for defense.",Source-stated demographic/agricultural estimates.
X1104,S0200,,,Kalat Report 1: seasonal resource collection near Kashtani and Chub Mast,The report describes outside collectors from Tabas gathering a locally abundant plant/resource for months at a time.,Botanical identification remains unresolved.
X1105,S0200,,,"Kalat Report 2 (1302 AH): five gates, c.75 footpaths, self-sufficiency","Abdollah Khan describes five principal entrances, approximately seventy-five additional pedestrian routes, and Kalat's internally available food and water.",Second Kalat report; 1302 AH.
X1106,S0200,,,Kalat Report 2: manpower reduction and fortification economics,"After fortifying vulnerable approaches, Abdollah Khan argues that roughly two to three hundred soldiers could secure Kalat and that construction costs could be recovered from recurring savings.",Authorial defense/finance analysis.
X1107,S0200,,,Kalat Report 2: cavalry reform,"The report describes reduction of a nominal 300-cavalry establishment to 100 reliable mounted men, with pay and fiscal-return estimates.",Historical administrative figures.
X1108,S0200,,,Kalat Report 2: six artillery pieces,"The report places two useful guns at Nafta, two poorly oriented pieces at Arghavan Shah, and two pieces without carriages at Kobud Gonbad.",Artillery infrastructure assessment.
X1109,S0200,,,Kalat Report 3: five named darbands and old defensive architecture,"The repair inspection names Arghavan Shah, Kashtani, Chub Mast, Nafta and Dehcheh and describes bridges, guardhouses and old towers.",Third Kalat report.
X1110,S0200,,,Kalat Report 3: 79 personally inspected pedestrian approaches,Abdollah Khan says he personally climbed and inspected seventy-nine pedestrian approaches and assessed how each should be blocked or fortified.,First-person engineering/field inspection.
X1111,S0200,,,Kalat Report 3: water and material logistics,"The report discusses carrying material half to one farsakh, using spring rainwater, and transporting water in skins where necessary.",Construction logistics.
X1112,S0200,,,Kalat Report 3: repair durability and Behbud Khan comparison,Abdollah Khan contrasts durable Naderi construction with recent repairs under Behbud Khan that had quickly failed.,Authorial engineering judgment.
X1113,S0200,,,Kalat Report 3: repair budgets and corruption risk,"The report estimates durable strategic work at around 5,000 tomans under competent oversight and warns that far greater spending could still produce poor construction under dishonest management.",Authorial budget/governance analysis.
X1114,S0200,,,Kalat Report 3: government complex and grain storage,"The report proposes functional repairs to the government/mausoleum complex, stables, walls and a granary for at least 2,000 kharvars of wheat.",Administrative/logistical recommendations.
X1200,S0200,,,Treatise on Fars taxation: general fiscal chain,"Abdollah Khan argues that appointing a just governor is insufficient unless fiscal relations among central government, provincial government, subordinate officials and taxpayers are explicitly bounded.",Core reform argument.
X1201,S0200,,,Treatise on Fars taxation: arbabi versus khalesegi/tribal systems,The treatise distinguishes landed-property tax systems from khalesegi and tribal arrangements and describes different avenues for abuse.,Administrative typology.
X1202,S0200,,,Darab example and tafavot-e amal,"The Darab example gives a combined tax and operational-difference figure around 27,000 tomans and argues that reducing the provincial demand would not necessarily reach cultivators.",Source-stated fiscal example.
X1203,S0200,,,Khalesegi-style revenue and customary shares,"The treatise discusses districts including Qir-o Karzin, Laristan, Darab and Behbahan, customary shares such as ushr/khoms, and arrangements compared to leasing.",Fiscal-system description.
X1204,S0200,,,"Tribal taxation: Qashqai, Arab and Baharlu",Abdollah Khan says tribal households paid customary dues through kadkhodas and subordinate chiefs and argues that reductions at higher levels might not reduce household payments.,Tribal fiscal administration.
X1205,S0200,,,Laristan and Haji Rostam Khan,"The source identifies Haji Rostam Khan son of Fath Ali Khan Lari and gives large source-estimated margins above official tax, including a reported 32,000 toman tafavot-e amal payment to Fars government.","Historical source figures, not audited accounts."
X1206,S0200,,,Customary dues versus arbitrary exactions,"Abdollah Khan distinguishes established principal/supplementary obligations from fines, gifts, bribes and arbitrary extractions imposed by officials.",Authorial administrative judgment.
X1207,S0200,,,Pishkesh and intermediary capture,The treatise argues that abolishing or reducing the governor's pishkesh to Tehran would not necessarily reduce the burden borne by cultivators because lower-level customary margins could remain intact.,Fiscal-incidence argument.
X1208,S0200,,,Maqdum and muayyan / bounded and defined fiscal relations,"Abdollah Khan argues that principal and supplementary obligations and the dealings among administrative layers should be made limited, explicit and defined.",Core reform principle.
X1209,S0200,,,Baqi-ye Fars / arrears,The source explains that some recorded Fars arrears could consist of tax already collected from taxpayers but spent by subordinate officials before remittance.,Accounting interpretation; damaged final names/amounts excluded.
X1300,S0201,,,Editor introduction: Astarabad to Fars chronology,"Majidi summarizes Abdollah Khan's appointment to Astarabad in 1298 AH, Khuzestan service from 1305 AH, presentation of the Arabistan/Lorestan report in Rabi I 1308 AH, and Shiraz service by 1309 AH.",Secondary chronological corroboration.
X1301,S0201,,,Editor notes: title transfers to sons,"Majidi states that Hossein Qoli Khan received Sa'ed al-Saltaneh, while Mohtaj Ali Khan received Ejlal al-Mamalek; Hossein Qoli later became Amir Nezam and inherited Sardar Akram.",Secondary title/identity clarification.
X1302,S0201,,,Editor notes: Hajji Sayyah Mahallati and Sadiq al-Sultan,"Majidi identifies Hajji Sayyah Mahallati more fully and identifies Sadiq al-Sultan as Hajji Reza Khan, son of Aqa Mohammad Ali Sarraf, associated with the military treasury.",Secondary identity clarification.
X1303,S0201,,,Editor notes: Samsam al-Molk ambiguity,Majidi explicitly notes uncertainty in source traditions concerning Ali Naqi Khan Samsam al-Molk and wording that can appear to combine Samsam al-Molk with Zulfaqar Khan.,Identity-reconciliation note.
X1304,S0201,,,Editor notes: Sadiq al-Molk diplomatic biography,"Majidi identifies Sadiq al-Molk, son of Mirza Mohammad Nuri Mazandarani, and summarizes diplomatic offices including Paris, the Foreign Ministry and Sofia.",Secondary contextual biography.
X1305,S0201,,,Editor introduction: Abdollah Khan estates and Tehran properties,"Majidi reports secondary estimates of Abdollah Khan's landed holdings and describes three Tehran gardens/properties inherited by his sons, including property later associated with the Italian Embassy and Endowments administration.",Secondary property evidence; incomplete and requires parcel/identity reconciliation.
X1306,S0201,,,Editor notes: unresolved fate of Amir Nezam properties,Majidi states that the later fate of several named Amir Nezam properties is not known.,Secondary evidence of incomplete estate reconstruction.
X1307,S0201,,,Editor/primary context: Behbud Khan in Kalat,"The Kalat material associates an earlier cavalry-tax arrangement with the late Behbud Khan, but the editor does not provide a sufficiently secure full identity for canonical reconciliation.",Identity remains unresolved.
X1400,S0200,,43,Documentary appendix reproduced document — PDF page 43,Reproduced handwritten official document associated by the volume with Haji Abdollah Khan Gharagozloo.,Primary documentary artifact; exact paleographic transcription pending.
X1401,S0200,,44,Documentary appendix reproduced document — PDF page 44,Reproduced handwritten official document associated by the volume with Haji Abdollah Khan Gharagozloo.,Primary documentary artifact; exact paleographic transcription pending.
X1402,S0200,,45,Documentary appendix reproduced document — PDF page 45,Reproduced handwritten official document associated by the volume with Haji Abdollah Khan Gharagozloo.,Primary documentary artifact; exact paleographic transcription pending.
X1403,S0200,,46,Documentary appendix reproduced document — PDF page 46,Reproduced handwritten official document associated by the volume with Haji Abdollah Khan Gharagozloo.,Primary documentary artifact; exact paleographic transcription pending.
X1404,S0200,,47,Documentary appendix reproduced document — PDF page 47,Reproduced handwritten official document associated by the volume with Haji Abdollah Khan Gharagozloo.,Primary documentary artifact; exact paleographic transcription pending.
X1405,S0200,,48,Documentary appendix reproduced document — PDF page 48,Reproduced handwritten official document associated by the volume with Haji Abdollah Khan Gharagozloo.,Primary documentary artifact; exact paleographic transcription pending.
X1406,S0200,,49,Documentary appendix reproduced document — PDF page 49,Reproduced handwritten official document associated by the volume with Haji Abdollah Khan Gharagozloo.,Primary documentary artifact; exact paleographic transcription pending.
X1407,S0200,,50,Documentary appendix reproduced document — PDF page 50,Reproduced handwritten official document associated by the volume with Haji Abdollah Khan Gharagozloo.,Primary documentary artifact; exact paleographic transcription pending.
X1408,S0200,,51,Documentary appendix reproduced document — PDF page 51,Reproduced handwritten official document associated by the volume with Haji Abdollah Khan Gharagozloo.,Primary documentary artifact; exact paleographic transcription pending.
X1500,S0202,,,Abdollah Khan Amir Nezam biography,"Aqeli gives a probable birth around 1235 SH, describes the Astarabad appointment at about age twenty-six, and reports that in 1333 AH he was considered for the premiership before later serving as Minister of Finance.",Secondary biographical evidence; birth and premiership episode require independent corroboration.
X1501,S0202,,,Hossein Qoli Khan Amir Nezam II biography,"Aqeli gives a birth around 1260 SH, military service under his father, Sa'ed al-Saltaneh in 1314 AH, European study, later governorship, Amir Nezam title succession, Pahlavi court service, and death in 1332 SH.",Secondary biography; some dates/offices require independent corroboration.
X1502,S0202,,,Hossein Qoli Khan estate and waqf,Aqeli associates Hossein Qoli Khan with an inheritance of roughly forty-five villages and later charitable endowment of much of the estate.,Secondary estate/waqf evidence.
X1503,S0202,,,Gholamhossein Amiri Gharagozloo biography,"Aqeli says Gholamhossein Amiri Gharagozloo studied petroleum-related subjects in Europe, became a manager/director in the oil company, represented Hamadan in the Sixteenth Majles, and later supervised family waqf property.",Secondary biography; exact institutional titles and dates should be independently verified.
X1504,S0202,,,Gholamhossein Amiri waqf statement,"Aqeli reports that Hossein Qoli Khan had endowed about forty-five villages for charitable purposes including a hospital and school, while later disputes reduced the surviving waqf to about fourteen villages plus a Tehran house; Gholamhossein was involved in supervision and recovery efforts.",Secondary report apparently drawing on a statement attributed to Gholamhossein Amiri Gharagozloo.
X1505,S0202,,,Mohtaj Ali Khan biography and marriage sequencing,"Aqeli describes Mohtaj Ali Khan as involved in financial/banking matters, educated in Europe with Mansur Ali, and places his marriage to a daughter of Fazlollah Khan Entesar al-Molk after his return.",Secondary chronology conflicts with Majmooe Asaar marriage date of Dhu al-Hijjah 1324 AH.
X1506,S0202,,,Mansur Ali Khan Sardar Akram II biography,"Aqeli gives education at Dar al-Funun and in Europe, later governorships, action against Salar al-Dowleh, Hamadan representation in the Eleventh Majles, and marriage to a daughter of Vosuq al-Dowleh.",Secondary biography; marriage is independently corroborated by Majmooe Asaar.
X1507,S0202,,,Gholamhossein Amiri post-1979 allegation,Aqeli reports that Gholamhossein Amiri Gharagozloo was briefly imprisoned after the Revolution in connection with an allegation of Freemasonry membership.,Sensitive/contested biographical allegation; preserve only as attributed secondary-source claim pending independent evidence.
X1508,S0202,,,Hossein Qoli Khan anecdotal death account,Aqeli preserves an anecdotal account that Hossein Qoli Khan was fond of gambling and died after a seizure in a bath at his Victoria residence.,Anecdotal and attributed; do not treat cause or circumstances of death as independently established.
X1509,S0202,,,Amir Afkham and Shervini branch characterizations,Aqeli provides late-Qajar/early-Pahlavi biographical detail for Amir Afkham and related figures but also uses strongly judgmental language about their conduct.,Biographical details may corroborate; moral judgments remain attributed.
X1510,S0202,,,Baha al-Molk branch late-Pahlavi biographies,"Aqeli provides later biographies for Alireza Khan Baha al-Molk, Yahya Khan Etemad al-Dowleh, Manouchehr Gharagozloo, and related descendants.",Contextual branch enrichment; canonical IDs should be reconciled before person-level insertion.
X1511,S0202,,,Gholamhossein Parzhad distinction,"Aqeli describes Gholamhossein Parzhad Gharagozloo as a separate person from Gholamhossein Amiri Gharagozloo, with a different parentage and parliamentary career.",Important identity distinction to prevent conflation of two same-name later-generation figures.
X1512,S0001,59-60,,Chapter 2 — early Ashiqloo leadership and succession from Shahbaz Khan to Mohammad Hossein Khan,,Supports only probable father-son reconstruction; Alvandi frames the relationship as a probability based on Golestaneh.
X1513,S0001,60,,Chapter 2 — conjectured earlier ancestry of Shahbaz Khan,,"Alvandi explicitly presents descent from Safavid Ebrahim Khan as a possibility/conjecture, not established genealogy."
X1514,S0003,10-13,,Editor introduction: transmitted Hajilou genealogy beginning with Qara Mohammad,,"The source explicitly calls Qara Mohammad the remote ancestor of the Hajilou branch, describes him as a nobleman of Turkestan who migrated to Iran in the early Safavid/end-Timurid setting, and narrates his settlement near Tasaran."
X1515,S0002,,,"Direct archive-owner family testimony, 2026-08-08 — children of Gholamhossein Khan Amiri Gharagozloo",,Archive owner confirms P0008 had two sons: P0009 Dr. Alireza Amiri Gharagozloo and P0178 Ali Amiri Gharagozloo.
X1516,S0204,61,,Family-verified photographs and caption for Amirzadeh Khanom,,Supports Amirzadeh Khanom P0182 as daughter of P0022 and identifies her as wife of Mahmoud Khan Piran / Enayat al-Molk.
X1517,S0002,,,"Direct archive-owner family testimony, 2026-08-22 — Amirzadeh Khanom and Akhtar Piran maternal line",,"Hossein Gholi Amiri Gharagozloo confirms, after consultation with older family members, that Amirzadeh Khanom was the mother of his paternal grandmother Akhtar Piran. The same family context identifies Akhtar as spouse of P0008 and mother of P0009."
