person_id,preferred_name_en,preferred_name_fa,sex,birth_date_text,death_date_text,branch,summary,verification_status,created_at,updated_at
P0001,Haji Mohammad Khan Jeyhunabadi,حاجی محمدخان جیحون‌آبادی,M,,,Hajilou,Hajilou elder of the Jeyhunabadi line. Figure 4 places him among the five sons of Haji Abdollah Khan; he is the earliest previously established ancestor of the archive owner's direct line.,confirmed,2026-07-10T21:43:36.161953+00:00,2026-07-18T04:00:00Z
P0002,Mohammad Baqer Khan Gharagozloo,محمدباقرخان قراگزلو,M,,,Hajilou,Son of Haji Mohammad Khan Jeyhunabadi in the published lineage.,confirmed,2026-07-10T21:43:36.161953+00:00,2026-07-17T00:00:00Z
P0003,Mostafa Qoli Khan Gharagozloo,مصطفی‌قلی خان قراگزلو,M,,,Hajilou,"Hajilu commander known as E'temad al-Saltaneh. He commanded the Fadavi military establishment, served in the southern war against Britain, held command in Astarabad and Khorasan, and was father of Abdollah Khan Sa'ed al-Saltaneh.",confirmed,2026-07-10T21:43:36.161953+00:00,2026-07-17T00:00:00Z
P0004,Abdollah Khan Gharagozloo,عبدالله خان قراگزلو,M,,23 Sha'ban 1334 AH / 1916 CE,Hajilou,"Haji Abdollah Khan Gharagozloo (Sa'ed al-Saltaneh, later Sardar Akram and Amir Nezam) was a senior Qajar military commander, provincial administrator, landholder, author, minister, Majles deputy, and international traveler. In addition to his reports on Sarakhs and Khuzestan, his surviving Mecca travelogue from 1319 AH records a journey through the Caucasus, Ottoman and Egyptian transport networks to Jeddah and Mecca, detailed observations of pilgrimage administration, a severe cholera outbreak, and a meeting with the Sharif of Mecca. His writings also refer to earlier European travel, including Rome, Paris, St. Petersburg and Moscow, although the separate Europe travelogue itself has not yet been located. He died in Hamadan on 23 Sha'ban 1334 AH (1916 CE).",confirmed,2026-07-10T21:43:36.161953+00:00,2026-08-04T01:45:00Z
P0005,Mohtaj Ali Khan Gharagozloo,محتاجعلی خان قراگزلو,M,,,Hajilou,"Son of Abdollah Khan Sardar Akram and member of the Amir Nezam family. Confirmed titles: Ejlal al-Mamalek and Amir Arfa'. The book gives little independent career detail beyond lineage, titles, and family-house context.",confirmed,2026-07-10T21:43:36.161953+00:00,2026-07-17T00:00:00Z
P0006,Mansur Ali Khan Gharagozloo,منصورعلی خان قراگزلو,M,,,Hajilou,Son of Abdollah Khan; titled Sardar Akram. No descendants are shown in the book's figure.,confirmed,2026-07-10T21:43:36.161953+00:00,2026-07-17T00:00:00Z
P0007,Gholam Ali Gharagozloo,غلامعلی قراگزلو,M,,,Amiri branch,Probable son of Mohtaj-Ali Khan and brother of Gholamhossein Khan according to family testimony and the difficult genealogy diagram. S0001 provides no substantial independent narrative biography.,provisional,2026-07-10T21:43:36.161953+00:00,2026-07-11T23:59:00Z
P0008,Gholamhossein Khan Amiri Gharagozloo,غلامحسین خان امیری قراگزلو,M,,,Amiri branch,Paternal grandfather of the archive owner. Son of Mohtaj-Ali Khan and brother of Gholam-Ali according to family testimony; the small genealogy diagram is only supporting evidence. S0001 does not provide a securely identified narrative biography.,provisional,2026-07-10T21:43:36.161953+00:00,2026-07-11T23:59:00Z
P0009,Dr. Alireza Amiri Gharagozloo,دکتر علیرضا امیری قراگزلو,M,1931-05-05,2014-06,Amiri branch,Father of Hossein Gholi Amiri Gharagozloo; born in Hamadan.,confirmed,2026-07-10T21:43:36.161953+00:00,2026-07-10T21:43:36.161953+00:00
P0010,Hossein Gholi Amiri Gharagozloo,حسینقلی امیری قراگزلو,M,,,Amiri branch,Project owner and family historian.,confirmed,2026-07-10T21:43:36.161953+00:00,2026-07-10T21:43:36.161953+00:00
P0011,Mohammad Hossein Khan Gharagozloo,محمدحسین خان قراگزلو,M,,,Ashiqloo,Early Ashiqloo chief and father of five named Ashiqloo sons in S0001. Alvandi treats Shahbaz Khan P0072 as his probable father based on the reported succession from Shahbaz to his eldest son Mohammad Hossein. He is not established by the book as the father of Haji Mohammad Khan Jeyhunabadi of the Hajilou line.,confirmed,2026-07-10T21:43:36.161953+00:00,2026-08-05T00:00:00Z
P0012,Hossein Qoli Khan Gharagozloo,حسینقلی خان قراگزلو,M,,,Hajilou / Amir Nezam Letgahi,"Son of Abdollah Khan; Ejlal al-Dowleh and Amir Tuman; later titled Sa'ed al-Saltaneh. Published sources also explicitly attest him as Amir Nezam, the title by which he is strongly remembered in family tradition.",confirmed,2026-07-10T23:42:26.268985+00:00,2026-08-01T09:00:00-07:00
P0013,Nabi Khan Gharagozloo,نبی‌خان قراگزلو,M,,1255 AH,Ashiqloo,Son of the early Mohammad-Hossein Khan and father of Mahmoud Khan Naser al-Molk. Also a senior commander wounded in the Herat campaign and an ancestor of the Naser al-Molk house of Bahar.,confirmed,2026-07-11T01:52:40.066920+00:00,2026-07-12T06:30:00Z
P0014,Mahmoud Khan Gharagozloo,محمودخان قراگزلو,M,,,Ashiqloo / Naser al-Molk Bahari,Mirza Mahmud Khan Naser al-Molk Gharagozloo; grandfather and predecessor of Abu al-Qasem Khan Naser al-Molk.,confirmed,2026-07-11T01:52:40.066920+00:00,2026-07-11T17:02:02.094121+00:00
P0015,Abdollah Khan Gharagozloo (Herat officer),عبدالله خان قراگزلو,M,,,Unresolved,"Yavar who supported Nabi Khan’s forces at Herat, was wounded, and received the rank of sarhang. Identity is not yet merged with other Abdollah Khans.",provisional,2026-07-11T01:52:40.066920+00:00,2026-07-11T01:52:40.066920+00:00
P0016,Shir Ali Khan Gharagozloo,شیرعلی خان قراگزلو,M,,,,Gharagozloo soldier who repeatedly climbed the Herat fortress wall and attempted to plant the victory flag.,confirmed,2026-07-11T01:52:40.066920+00:00,2026-07-11T01:52:40.066920+00:00
P0017,Rashid Khan Gharagozloo,رشیدخان قراگزلو,M,,,,Colonel of the Mokhberan regiment wounded in the leg during the Herat fighting.,confirmed,2026-07-11T01:52:40.066920+00:00,2026-07-11T01:52:40.066920+00:00
P0018,Rostam Khan Gharagozloo,رستم خان قراگزلو,M,,,Ashiqloo,"Eldest son of the early Mohammad-Hossein Khan; contested successor to Ashiqloo leadership, deputy administrator of Gharagozloo districts, Sartip, commander in eastern and southern campaigns, and father of Ali Khan Nosrat al-Molk.",confirmed,2026-07-11T03:59:46.139916+00:00,2026-07-12T06:30:00Z
P0019,Ali Khan Nosrat al-Molk Gharagozloo,علی خان نصرت‌الملک قراگزلو,M,,,Ashiqloo,"Son of Rostam Khan; Nosrat al-Molk and senior officer. Married Zobeydeh Khanom, daughter of Fath-Ali Shah, escorted Gobineau, received promotion to Mirpanj, and transmitted hereditary command to the Hesam al-Molk line.",confirmed,2026-07-11T03:59:46.139916+00:00,2026-07-12T06:30:00Z
P0020,Ali-Naqi Khan Gharagozloo,علینقی خان قراگزلو,M,,1281 AH,Ashiqloo,One of the five sons of the early Mohammad-Hossein Khan. Sartip and commander associated with the Dargazin infantry regiment and Kerman/Laristan operations.,confirmed,2026-07-11T03:59:46.139916+00:00,2026-07-12T06:30:00Z
P0021,Lotf Ali Khan Sartip Gharagozloo,لطفعلی خان سرتیپ قراگزلو,M,,,Ashiqloo,Commander associated with the sixth Gharagozloo regiment in Kerman.,confirmed,2026-07-11T03:59:46.139916+00:00,2026-08-01T09:10:00-07:00
P0022,Mohammad-Hossein Khan Hesam al-Molk Gharagozloo,محمدحسین خان حسام‌الملک قراگزلو,M,,,Ashiqloo,Son of Ali Khan Nosrat al-Molk and father of Zeyn al-Abedin Khan Amir Afkham. Holder of Hesam al-Molk and a link in the hereditary command of the Sixth and Mansur regimental establishments.,confirmed,2026-07-11T03:59:46.139916+00:00,2026-07-12T06:30:00Z
P0023,Zeyn al-Abedin Khan Amir Afkham Hesam al-Molk Gharagozloo,زین‌العابدین خان حسام‌الملک قراگزلو,M,1275 AH,1346 AH,Ashiqloo,"Head of the Shervin/Amir Afkham house; son of Mohammad-Hossein Khan Hesam al-Molk; major landowner, military patron, governor of Kerman and Baluchestan and of Borujerd, father of Gholamreza and Gholam-Ali, and royalist opponent of the Constitutional movement.",confirmed,2026-07-11T03:59:46.139916+00:00,2026-07-12T06:30:00Z
P0024,Gholamreza Khan Ehtesham al-Dowleh Gharagozloo,غلامرضا خان احتشام‌السلطنه قراگزلو,M,,,Ashiqloo,"Son of Zeyn al-Abedin Khan Amir Afkham and husband of Qamar al-Saltaneh, daughter of Mozaffar al-Din Shah. The book uses both Ehtesham al-Saltaneh and Ehtesham al-Dowleh for him.",confirmed,2026-07-11T03:59:46.139916+00:00,2026-07-12T06:30:00Z
P0025,Aqa Jan Gharagozloo,آقاجان قراگزلو,M,,,,"Gharagozloo officer with the rank of yavar, involved in a diplomatic incident with the Russian embassy in 1313 AH.",confirmed,2026-07-11T05:49:59.145248+00:00,2026-07-11T05:49:59.145248+00:00
P0026,Hasan Tupchi,حسن توپچی,M,,,,Servant of Aqa Jan Gharagozloo involved in the death of a Russian coachman.,confirmed,2026-07-11T05:49:59.145248+00:00,2026-07-11T05:49:59.145248+00:00
P0027,Pavlov,پاولوف,M,,1313 AH,,Russian coachman killed during an altercation involving Hasan Tupchi.,confirmed,2026-07-11T05:49:59.145248+00:00,2026-07-11T05:49:59.145248+00:00
P0028,Abdollah Khan Sarem al-Saltaneh Gharagozloo,عبدالله خان صارم‌السلطنه قراگزلو,M,,Dhu al-Qada 1278 AH,Ashiqloo,"Son of the early Mohammad-Hossein Khan; titled Sarem al-Saltaneh and Sardar Batmanqilich. Commander of Malayer and Tuyserkan regiments, participant in the Bandar Abbas and southern campaigns, and father of Negar Khanom.",confirmed,2026-07-11T06:01:08.791373+00:00,2026-07-12T06:30:00Z
P0029,Negar Khanom Gharagozloo,نگار خانم قراگزلو,F,,,Ashiqloo,Daughter of Abdollah Khan Sarem al-Saltaneh; wife of Ahmad Khan Sartip and later Abd al-Samad Mirza.,confirmed,2026-07-11T06:01:08.791373+00:00,2026-07-11T06:01:08.791373+00:00
P0030,Ahmad Khan Sartip Gharagozloo,احمد خان سرتیپ قراگزلو,M,,,Ashiqloo,Son of Mahmoud Khan Naser al-Molk; father of Abu al-Qasem Khan Naser al-Molk.,confirmed,2026-07-11T06:01:08.791373+00:00,2026-07-11T17:02:02.094121+00:00
P0031,Amanollah Khan Baha al-Molk Gharagozloo,امان‌الله خان بهاءالملک قراگزلو,M,,1296 AH,Ashiqloo,Son of Mahmoud Khan Gharagozloo P0014; founder of the Baha al-Molk Abshini family.,confirmed,2026-07-11T06:01:08.791373+00:00,2026-08-22T21:00:00Z
P0032,Hossein Qoli Khan Zia al-Molk Gharagozloo,حسینقلی خان ضیاءالملک قراگزلو,M,,,Ashiqloo,Son of Amanollah Khan and progenitor of the Zia al-Molk Hamadani line.,confirmed,2026-07-11T06:01:08.791373+00:00,2026-07-11T06:01:08.791373+00:00
P0033,Ali Qoli Khan Baha al-Molk Gharagozloo,علیقلی خان بهاءالملک قراگزلو,M,,,Ashiqloo,Son of Amanollah Khan and progenitor of the Baha al-Molk Hamadani line.,confirmed,2026-07-11T06:01:08.791373+00:00,2026-07-11T06:01:08.791373+00:00
P0034,Morteza Qoli Khan Gharagozloo,مرتضی‌قلی خان قراگزلو,M,,,Ashiqloo,Son of Amanollah Khan and progenitor of the Sangestani line.,confirmed,2026-07-11T06:01:08.791373+00:00,2026-07-11T06:01:08.791373+00:00
P0035,Seyyed Jamal al-Din Vaez Esfahani,سید جمال‌الدین واعظ اصفهانی,M,,25 Shawwal 1326 AH,,Constitutionalist preacher killed in Borujerd by order of Amir Afkham.,confirmed,2026-07-11T06:01:08.791373+00:00,2026-07-11T06:01:08.791373+00:00
P0036,Qamar al-Saltaneh Qajar,قمرالسلطنه قاجار,F,,,,Daughter of Mozaffar al-Din Shah and wife of Gholamreza Khan Ehtesham al-Dowleh.,confirmed,2026-07-11T06:01:08.791373+00:00,2026-07-11T06:01:08.791373+00:00
P0037,Alireza Khan Baha al-Molk Gharagozloo,علیرضا خان بهاءالملک قراگزلو,M,,,Ashiqloo / Baha al-Molk,Educated Gharagozloo notable elected from Hamadan to the Third Majles and later finance minister.,confirmed,2026-07-11T06:01:08.791373+00:00,2026-08-01T09:10:00-07:00
P0038,Mohammad Ebrahim Khan Gharagozloo,محمدابراهیم خان قراگزلو,M,,,Ashiqloo / Naser al-Molk,"Son of Mehdi Khan Amir Tuman; third secretary at the Iranian legation in London, 1299-1303 SH.",confirmed,2026-07-11T06:01:08.791373+00:00,2026-08-01T09:10:00-07:00
P0039,Zia al-Molk Farmand Gharagozloo,ضیاءالملک فرمند قراگزلو,M,,,Zia al-Molk,Representative of Hamadan in the Constituent Assembly of 1304 SH.,confirmed,2026-07-11T06:01:08.791373+00:00,2026-07-11T06:01:08.791373+00:00
P0040,Mirza Abu al-Qasem Khan Naser al-Molk Gharagozloo,میرزا ابوالقاسم خان ناصرالملک قراگزلو,M,1272 AH / 1856 CE,1306 SH / 1927 CE,Ashiqloo,"Ashiqloo statesman, son of Ahmad Khan Sartip and grandson of Mahmoud Khan Naser al-Molk. Educated at Oxford, court translator, diplomat, finance minister, prime minister, and later regent during Ahmad Shah's minority.",confirmed,2026-07-11T06:02:17.287873+00:00,2026-07-11T23:59:00Z
P0041,Hossein Ali Gharagozloo,حسینعلی قراگزلو,U,,,Ashiqloo / Naser al-Molk,"Son of Naser al-Molk; associated with Othello translation preface; married Iran Khanom, daughter of Teymurtash",confirmed,2026-07-11T17:02:02.094121+00:00,2026-08-01T09:10:00-07:00
P0042,Mohsen Gharagozloo,محسن قراگزلو,U,,,Ashiqloo / Naser al-Molk,Son of Naser al-Molk; criticized in later memoir literature for dissipation,confirmed,2026-07-11T17:02:02.094121+00:00,2026-08-01T09:10:00-07:00
P0043,Unnamed daughter of Naser al-Molk,دختر ناصرالملک,U,,,Ashiqloo / Naser al-Molk,Chapter states Naser al-Molk had two sons and one daughter,confirmed,2026-07-11T17:02:02.094121+00:00,2026-08-01T09:10:00-07:00
P0044,Mirza Mehdi Khan Monshi-Bashi,میرزا مهدی خان منشی‌باشی,U,,,,Father-in-law and chief overseer of Naser al-Molk estates,confirmed,2026-07-11T17:02:02.094121+00:00,2026-07-11T17:02:02.094121+00:00
P0045,Mirza Mohammad Khan Mostowfi,میرزا محمدخان مستوفی,U,,,,Estate manager,confirmed,2026-07-11T17:02:02.094121+00:00,2026-07-11T17:02:02.094121+00:00
P0046,Mirza Mahmud Khan,میرزا محمودخان,U,,,,Son of Mirza Mohammad Khan; estate manager,confirmed,2026-07-11T17:02:02.094121+00:00,2026-07-11T17:02:02.094121+00:00
P0047,Mohammad Ali Shah Qajar,محمدعلی شاه قاجار,U,,,,Appointed Naser al-Molk prime minister; later ordered his arrest/possible execution,confirmed,2026-07-11T17:02:02.094121+00:00,2026-07-11T17:02:02.094121+00:00
P0048,Ahmad Shah Qajar,احمدشاه قاجار,U,,,,Minor king during Naser al-Molk's regency,confirmed,2026-07-11T17:02:02.094121+00:00,2026-07-11T17:02:02.094121+00:00
P0049,Azod al-Molk,عضدالملک,U,,,,Predecessor as regent; died 17 Ramadan 1328 AH,confirmed,2026-07-11T17:02:02.094121+00:00,2026-07-11T17:02:02.094121+00:00
P0050,Yeprem Khan,یپرم خان,U,,,,Closed the Second Majles on Naser al-Molk's order,confirmed,2026-07-11T17:02:02.094121+00:00,2026-07-11T17:02:02.094121+00:00
P0051,Morgan Shuster,مورگان شوستر,U,,,,American financial adviser dismissed after Russian ultimatum,confirmed,2026-07-11T17:02:02.094121+00:00,2026-07-11T17:02:02.094121+00:00
P0052,Sheikh Mohammad Khiabani,شیخ محمد خیابانی,U,,,,Criticized closure of Second Majles,confirmed,2026-07-11T17:02:02.094121+00:00,2026-07-11T17:02:02.094121+00:00
P0053,"Churchill, British legation official",چرچیل، نایب‌رئیس سفارت انگلیس,U,,,,Intervened to save Naser al-Molk from Mohammad Ali Shah,confirmed,2026-07-11T17:02:02.094121+00:00,2026-07-11T17:02:02.094121+00:00
P0054,Abdolhossein Khan Teymurtash,عبدالحسین خان تیمورتاش,U,,,,"Father of Iran Khanom, wife of Hossein Ali Gharagozloo",confirmed,2026-07-11T17:02:02.094121+00:00,2026-07-11T17:02:02.094121+00:00
P0055,Iran Khanom Teymurtash,ایران خانم تیمورتاش,U,,,,Married Hossein Ali Gharagozloo; later divorced,confirmed,2026-07-11T17:02:02.094121+00:00,2026-07-11T17:02:02.094121+00:00
P0056,Mehdi-Qoli Khan Mokhber al-Saltaneh,,U,,,,Member of Naser al-Molk cabinet: Minister of Justice,confirmed,2026-07-11T17:02:02.094121+00:00,2026-07-11T17:02:02.094121+00:00
P0057,Mirza Hasan Khan Moshir al-Dowleh,,U,,,,Member of Naser al-Molk cabinet: Minister of Foreign Affairs,confirmed,2026-07-11T17:02:02.094121+00:00,2026-07-11T17:02:02.094121+00:00
P0058,Mirza Gholamreza Khan Asef al-Dowleh,,U,,,,Member of Naser al-Molk cabinet: Minister of Interior,confirmed,2026-07-11T17:02:02.094121+00:00,2026-07-11T17:02:02.094121+00:00
P0059,Mostowfi al-Mamalek,,U,,,,Member of Naser al-Molk cabinet: Minister of War,confirmed,2026-07-11T17:02:02.094121+00:00,2026-07-11T17:02:02.094121+00:00
P0060,Mirza Morteza-Qoli Khan Sani al-Dowleh,,U,,,,Member of Naser al-Molk cabinet: Minister of Education and Public Works,confirmed,2026-07-11T17:02:02.094121+00:00,2026-07-11T17:02:02.094121+00:00
P0061,Mirza Hossein Khan Motamen al-Molk,,U,,,,Member of Naser al-Molk cabinet: Minister of Commerce,confirmed,2026-07-11T17:02:02.094121+00:00,2026-07-11T17:02:02.094121+00:00
P0062,Fazlollah Khan Gharagozloo,فضل‌الله خان قراگزلو,M,,,Ashiqloo,One of the five sons of the early Mohammad-Hossein Khan. Named as colonel of the Sixth Gharagozloo Regiment; exact dates and descendants remain unresolved.,confirmed,2026-07-12T00:00:00Z,2026-07-12T06:30:00Z
P0063,Ali Akbar Khan Gharagozloo,علی‌اکبر خان قراگزلو,M,,,,Named as colonel of the Mansur Regiment.,confirmed,2026-07-12T00:00:00Z,2026-07-12T00:00:00Z
P0064,Mehdi Khan Gharagozloo,مهدی خان قراگزلو,M,,,Ashiqloo / Naser al-Molk,"Son of Ahmad Khan Sartip and Negar Khanom in the reconciled Figure 3/prose genealogy; later associated with command of the Mokhberan regiment. Distinct from P0171, the earlier Mehdi Qoli Khan who was a direct son of Nabi Khan.",confirmed,2026-07-12T00:00:00Z,2026-08-01T09:10:00-07:00
P0065,Abdol Ali Khan Gharagozloo,عبدالعلی خان قراگزلو,M,,,Ashiqloo / Naser al-Molk,Son of Ahmad Khan Sartip and Negar Khanom; brother of Mehdi Khan and Naser al-Molk in the reconciled Figure 3/prose genealogy.,confirmed,2026-07-12T00:00:00Z,2026-08-01T09:10:00-07:00
P0066,Amir Gharagoz (Seljuk period),امیر قراگوز,M,,,,Commander named in the late Seljuk narrative; associated with Sultan Tughril III and the conspiracy against Qizil Arslan.,confirmed,2026-07-12T01:00:00Z,2026-07-12T01:00:00Z
P0067,Badr al-Din Gharagoz,بدرالدین قراگوز,M,,,,Governor of Hamadan named in the struggles following the death of Qizil Arslan.,confirmed,2026-07-12T01:00:00Z,2026-07-12T01:00:00Z
P0068,Amir Jafar Ali Gharagoz,امیر جعفرعلی قراگوز,M,,925 AH,,Veteran commander serving Mohammad-Zaman Mirza; killed while acting as an envoy in 925 AH. His connection to the later Gharagozloos is explicitly uncertain.,confirmed,2026-07-12T01:00:00Z,2026-07-12T01:00:00Z
P0069,Amir Mohammad Gharagoz,امیر محمد قراگوز,M,,,,Named among the Qizilbash officers accompanying Humayun from Qandahar toward Kabul in 952 AH.,confirmed,2026-07-12T01:00:00Z,2026-07-12T01:00:00Z
P0070,Ebrahim Khan Gharagozloo (Safavid governor),ابراهیم خان قراگزلو,M,,,,"Safavid official who served as beglerbeg of Astarabad, Gilan, and Mazandaran and was appointed governor of Kerman in 1129 AH. Alvandi raises only a conjectural possibility that Shahbaz Khan P0072 descended from him; the archive does not treat this as direct parentage.",confirmed,2026-07-12T01:00:00Z,2026-08-05T00:00:00Z
P0071,Kalb Ali Qasem Aqa Gharagozloo,کلبعلی قاسم آقا قراگزلو,M,,,,Leader named in a report of resistance to Afghan forces near Tabriz in 1138 AH.,confirmed,2026-07-12T01:00:00Z,2026-07-12T01:00:00Z
P0072,Shahbaz Khan Gharagozloo,شهبازخان قراگزلو,M,,between 1161 and 1163 AH?,Ashiqloo,"Gharagozloo leader who joined Karim Khan Zand with a force described as two thousand men. Alvandi, drawing on Golestaneh, treats Shahbaz Khan as the probable father/predecessor of Mohammad Hossein Khan P0011; this parentage is not proven.",confirmed,2026-07-12T01:00:00Z,2026-08-05T00:00:00Z
P0073,Nasrollah Khan Korijani Gharagozloo,نصرالله خان کوریجانی قراگزلو,M,,,Hajilou / Korijani,"Senior Hajilou commander active during the Zand-Qajar transition. He helped advocate Gharagozloo support for Karim Khan Zand, commanded forces in Yazd and central Iran, guarded Isfahan, served on the western frontier, led the Gharagozloo forces in Fars, and became Minister of Fars from 1220 AH until Nowruz 1223 AH. Figure 4 identifies Gholam Khan as his son and Noor Ali Khan as his grandson.",confirmed,2026-07-12T01:00:00Z,2026-07-18T06:00:00Z
P0074,Rostam Khan Gharagozloo,رستم خان قراگزلو,M,,,Ashiqloo,Deprecated duplicate record. Use canonical person P0018.,merged_duplicate,2026-07-11T23:59:00Z,2026-07-12T06:30:00Z
P0075,Ali-Naqi Khan Gharagozloo,علینقی خان قراگزلو,M,,1281 AH,Ashiqloo,Deprecated duplicate record. Use canonical person P0020.,merged_duplicate,2026-07-11T23:59:00Z,2026-07-12T06:30:00Z
P0076,Yassaman Amiri Gharagozloo,یاسمن امیری قراگزلو,F,,,Amiri branch,Daughter of Dr. Alireza Amiri Gharagozloo and sister of Hossein Gholi Amiri Gharagozloo. Spouse of Amir Navab; mother of Yalda and Aryana Navab.,confirmed,2026-07-14T00:00:00Z,Manual Edit
P0077,Amir Navab,امیر نواب,M,,,Living family / Navab,Spouse of Yassaman Amiri Gharagozloo and father of Yalda and Aryana Navab.,confirmed,2026-07-14T00:00:00Z,Manual Edit
P0078,Yalda Navab,یلدا نواب,F,,,Living family / Navab,Daughter of Yassaman Amiri Gharagozloo and Amir Navab.,confirmed,2026-07-14T00:00:00Z,Manual Edit
P0079,Aryana Navab,آریانا نواب,F,,,Living family / Navab,Daughter of Yassaman Amiri Gharagozloo and Amir Navab.,confirmed,2026-07-14T00:00:00Z,Manual Edit
P0080,Roya Yaghmai,رویا یغمایی,F,,,Living family / Yaghmai,Spouse of Hossein Gholi Amiri Gharagozloo and mother of Raha and Saam Amiri Gharagozloo.,confirmed,2026-07-14T00:00:00Z,Manual Edit
P0081,Raha Amiri Gharagozloo,رها امیری قراگزلو,F,,,Amiri branch,Daughter of Hossein Gholi Amiri Gharagozloo and Roya Yaghmai.,confirmed,2026-07-14T00:00:00Z,Manual Edit
P0082,Saam Amiri Gharagozloo,سام امیری قراگزلو,M,,,Amiri branch,Son of Hossein Gholi Amiri Gharagozloo and Roya Yaghmai.,confirmed,2026-07-14T00:00:00Z,Manual Edit
P0083,Alireza Khan Gharagozloo,علیرضا خان قراگزلو,M,,,Hajilou / Jeyhunabadi,"Son of Sartip Mohammad-Baqer Khan Gharagozloo in S0001 Figure 4. The chart appears to include an additional descriptor after his name, but the scan does not permit a reliable transcription; identity remains provisional.",provisional,2026-07-18T00:00:00Z,2026-07-18T00:00:00Z
P0084,Kazem Khan Gharagozloo,کاظم خان قراگزلو,M,,,Hajilou / Jeyhunabadi,"Direct child of Haji Mohammad Khan Jeyhunabadi. The archive owner confirmed three children beneath him: an unnamed ? Khan, Haji Ali Khan, and Sharif Khan.",confirmed,2026-07-18T00:00:00Z,2026-07-31T20:50:00-07:00
P0085,Majid Khan Gharagozloo,مجید خان قراگزلو,M,,,Hajilou / Jeyhunabadi,Son of Sartip Mohammad-Baqer Khan Gharagozloo in S0001 Figure 4. Earlier entered as Mahmoud Khan; direct review of the Persian chart corrected the reading to Majid Khan. The existing Majid -> Ali-Akbar -> Mehdi line is preserved.,provisional,2026-07-18T00:00:00Z,2026-07-18T02:00:00Z
P0086,Ali Akbar Khan Gharagozloo,علی‌اکبر خان قراگزلو,M,,,Hajilou / Jeyhunabadi,Shown in S0001 Figure 4 as son of Majid Khan of the Mohammad-Baqer Khan Hajilou family group.,provisional,2026-07-18T00:00:00Z,2026-07-18T02:00:00Z
P0087,Mehdi Khan Gharagozloo,مهدی خان قراگزلو,M,,,Hajilou / Jeyhunabadi,Shown in S0001 Figure 4 as son of Ali-Akbar Khan and grandson of Majid Khan in the Mohammad-Baqer Khan Hajilou family group.,provisional,2026-07-18T00:00:00Z,2026-07-18T02:00:00Z
P0088,Ali Khan Jalal al-Molk Gharagozloo,علی خان جلال‌الملک قراگزلو,M,,,Hajilou / Jeyhunabadi,Son of Alireza Khan (P0083) in S0001 Figure 4. The printed name was confirmed as Ali Khan Jalal al-Molk Gharagozloo. Earlier provisional readings as Alireza Khan Abadi were superseded. His four recorded children and all existing relationships are preserved.,probable,2026-07-18T02:00:00Z,2026-07-18T03:00:00Z
P0089,Noor Mohammad Khan Gharagozloo,نورمحمد خان قراگزلو,M,,,Hajilou / Jeyhunabadi,Lower child of Alireza Khan (P0083) in S0001 Figure 4.,provisional,2026-07-18T02:00:00Z,2026-07-18T02:00:00Z
P0090,Asadollah Khan Gharagozloo,اسدالله خان قراگزلو,M,,,Hajilou / Jeyhunabadi,Child of Ali Khan Jalal al-Molk Gharagozloo (P0088) in S0001 Figure 4. A possible trailing descriptor remains unresolved.,provisional,2026-07-18T02:00:00Z,2026-07-18T03:00:00Z
P0091,Panahollah Khan Jalal al-Saltaneh Gharagozloo,پناه‌الله خان جلال‌السلطنه قراگزلو,M,,,Hajilou / Jeyhunabadi,Child of Ali Khan Jalal al-Molk Gharagozloo (P0088) in S0001 Figure 4; chart reading includes the title Jalal al-Saltaneh.,provisional,2026-07-18T02:00:00Z,2026-07-18T03:00:00Z
P0092,Seyfollah Khan Jalali Gharagozloo,سیف‌الله خان جلالی قراگزلو,M,,,Hajilou / Jeyhunabadi,Child of Ali Khan Jalal al-Molk Gharagozloo (P0088) in S0001 Figure 4; chart reading includes the descriptor Jalali.,provisional,2026-07-18T02:00:00Z,2026-07-18T03:00:00Z
P0093,Hossein Ali Khan Fath al-Saltaneh Gharagozloo,حسینعلی خان فتح‌السلطنه قراگزلو,M,,,Hajilou / Jeyhunabadi,Child of Ali Khan Jalal al-Molk Gharagozloo (P0088) in S0001 Figure 4; chart reading includes the title Fath al-Saltaneh.,provisional,2026-07-18T02:00:00Z,2026-07-18T03:00:00Z
P0094,Haji Mohammad Jafar Khan Gharagozloo,حاجی محمدجعفر خان قراگزلو,M,,,Hajilou,Zand-period head of the Hajilou branch in S0001. The prose and Figure 4 identify Haji Abdollah Khan as his son.,confirmed,2026-07-18T04:00:00Z,2026-07-18T04:00:00Z
P0095,Haji Abdollah Khan Gharagozloo,حاجی عبدالله خان قراگزلو,M,,,Hajilou,Hajilou elder and chief in the time of Karim Khan Zand; described as a governor of Hamadan. S0001 states that he was the son of Haji Mohammad Jafar Khan and had five male children.,confirmed,2026-07-18T04:00:00Z,2026-07-18T04:00:00Z
P0096,Haji Fazlollah Khan Royani Gharagozloo,حاجی فضل‌الله خان رویانی قراگزلو,M,,,Hajilou / Royani,Early Hajilou/Royani branch head. The branch below this person was reconstructed row by row by the archive owner from S0001 Figure 4. The reconstruction currently contains four immediate children and preserves all uncertain readings exactly through evidence status and research questions.,confirmed,2026-07-18T04:00:00Z,2026-07-18T08:00:00Z
P0097,Haji Safar Khan Gharagozloo,حاجی صفر خان قراگزلو,M,,,Hajilou,Son of Haji Abdollah Khan in the narrative and Figure 4; father of the later Haji Mohammad Jafar known as Majzub Ali Shah Kabudarahangi.,confirmed,2026-07-18T04:00:00Z,2026-07-18T04:00:00Z
P0098,Haji Mina Khan Kabudarahangi Gharagozloo,حاجی مینا خان کبودراهنگی قراگزلو,M,,,Hajilou / Kabudarahangi,"Early Hajilou figure of the Kabudarahangi line and adviser/state counsellor to Agha Mohammad Khan Qajar. Figure 4 shows two sons, Morteza Qoli Khan and Shir Ali Khan, and a multi-generation descendant branch. His parentage remains disputed because Figure 4 places him under Haji Abdollah Khan while the prose names him among the sons of Haji Mohammad Jafar Khan.",confirmed,2026-07-18T04:00:00Z,2026-07-18T07:00:00Z
P0099,Sheikh Mohammad Jafar Khan Majzub Ali Shah Kabudarahangi Gharagozloo,شیخ محمدجعفر خان مجذوب‌علیشاه کبودراهنگی قراگزلو,M,,1239 AH,Hajilou / Kabudarahangi,Son of Haji Safar Khan and grandson of Haji Abdollah Khan. A prominent Nimatullahi mystic titled Majzub Ali Shah. S0001 reports that he died in Tabriz in 1239 AH and was buried at the shrine of Seyyed Hamzeh.,confirmed,2026-07-18T05:00:00Z,2026-07-18T05:00:00Z
P0100,Unnamed son of Sheikh Mohammad Jafar Khan Majzub Ali Shah,پسر نامعلوم شیخ محمدجعفر خان مجذوب‌علیشاه,M,,,Hajilou / Kabudarahangi,First child shown beneath Sheikh Mohammad Jafar Khan Majzub Ali Shah in the user-supplied reconstruction. The name is unreadable and was marked ?? by the archive owner. The earlier Abd al-Javad reading is superseded.,provisional,2026-07-18T05:00:00Z,2026-07-18T09:00:00Z
P0101,Agha Mohammad Ebrahim Gharagozloo,آقا محمدابراهیم قراگزلو,M,,,Hajilou / Kabudarahangi,One of the five sons of Sheikh Mohammad Jafar Khan Majzub Ali Shah shown in S0001 Figure 4.,probable,2026-07-18T05:00:00Z,2026-07-18T05:00:00Z
P0102,Agha Abdol Hamid Gharagozloo,آقا عبدالحامد قراگزلو,M,,,Hajilou / Kabudarahangi,One of the five children of Sheikh Mohammad Jafar Khan Majzub Ali Shah in the user-supplied reconstruction. The earlier Abd al-Majid reading is superseded.,confirmed,2026-07-18T05:00:00Z,2026-07-18T09:00:00Z
P0103,Mirza Ali-Naqi Gharagozloo,میرزا علی‌نقی قراگزلو,M,,,Hajilou / Kabudarahangi,One of the five children of Sheikh Mohammad Jafar Khan Majzub Ali Shah. The archive owner read the row as Mirza Ali Naghi ? Abadi Mojtahed; only the certain core name remains canonical.,probable,2026-07-18T05:00:00Z,2026-07-18T09:00:00Z
P0104,Mirza Lotfollah Gharagozloo,میرزا لطف‌الله قراگزلو,M,,,Hajilou / Kabudarahangi,One of the five sons of Sheikh Mohammad Jafar Khan Majzub Ali Shah shown in S0001 Figure 4.,probable,2026-07-18T05:00:00Z,2026-07-18T05:00:00Z
P0105,Gholam Khan Gharagozloo,غلام خان قراگزلو,M,,,Hajilou / Korijani,Son of Nasrollah Khan Korijani and father of Noor Ali Khan in S0001 Figure 4.,probable,2026-07-18T06:00:00Z,2026-07-18T06:00:00Z
P0106,Noor Ali Khan Gharagozloo,نورعلی خان قراگزلو,M,,,Hajilou / Korijani,Son of Gholam Khan and grandson of Nasrollah Khan Korijani in S0001 Figure 4.,probable,2026-07-18T06:00:00Z,2026-07-18T06:00:00Z
P0107,Morteza Qoli Khan Kabudarahangi Gharagozloo,مرتضی‌قلی خان کبودراهنگی قراگزلو,M,,,Hajilou / Kabudarahangi,Son of Haji Mina Khan Kabudarahangi in S0001 Figure 4. The Kabudarahangi qualifier is used editorially to distinguish him from the Ashiqloo/Sangestani Morteza Qoli Khan already in the archive.,probable,2026-07-18T07:00:00Z,2026-07-18T07:00:00Z
P0108,Shir Ali Khan Kabudarahangi Gharagozloo,شیرعلی خان کبودراهنگی قراگزلو,M,,,Hajilou / Kabudarahangi,Son of Haji Mina Khan Kabudarahangi in the verified PowerPoint tree. The archive owner confirmed the reading Shir Ali Khan.,confirmed,2026-07-18T07:00:00Z,2026-07-31T18:47:00-07:00
P0109,Mansur al-Molk Gharagozloo,منصورالملک قراگزلو,M,,,Hajilou / Kabudarahangi,Child of Morteza Qoli Khan in S0001 Figure 4. The diagram supplies the title-form Mansur al-Molk; the underlying personal name is not yet established.,probable,2026-07-18T07:00:00Z,2026-07-18T07:00:00Z
P0110,Mohammad Mirza Khan Gharagozloo,محمدمیرزا خان قراگزلو,M,,,Hajilou / Kabudarahangi,Child of Morteza Qoli Khan in S0001 Figure 4 and father of two separately drawn sons named Mohammad Hossein Khan.,probable,2026-07-18T07:00:00Z,2026-07-18T07:00:00Z
P0111,Hassan Agha Gharagozloo,حسن آقا قراگزلو,M,,,Hajilou / Kabudarahangi,Child of Mansur al-Molk in the Haji Mina/Kabudarahangi branch. The archive owner confirmed the English spelling Hassan Agha.,confirmed,2026-07-18T07:00:00Z,2026-07-31T18:47:00-07:00
P0112,Soltan Ali Khan Gharagozloo,سلطان‌علی خان قراگزلو,M,,,Hajilou / Kabudarahangi,Child of Mansur al-Molk in the Haji Mina/Kabudarahangi branch. The archive owner read the row as Soltan Ali ? Khan; the canonical name is retained as probable.,probable,2026-07-18T07:00:00Z,2026-07-18T09:00:00Z
P0113,Mohammad Hassan Khan Kabudarahangi Gharagozloo,محمدحسن خان کبودراهنگی قراگزلو,M,,,Hajilou / Kabudarahangi,One of two children of Mohammad Mirza Khan in the Haji Mina/Kabudarahangi branch. Corrected from Mohammad Hossein Khan to Mohammad Hassan Khan using the user-supplied reconstruction.,confirmed,2026-07-18T07:00:00Z,2026-07-18T09:00:00Z
P0114,Sarhang Mohammad Hossein Khan Kabudarahangi Gharagozloo,سرهنگ محمدحسین خان کبودراهنگی قراگزلو,M,,,Hajilou / Kabudarahangi,One of two distinct sons of Mohammad Mirza Khan shown in S0001 Figure 4; this individual is distinguished by the military rank Sarhang.,probable,2026-07-18T07:00:00Z,2026-07-18T07:00:00Z
P0115,Mohammad Hassan Khan Gharagozloo,محمدحسن خان قراگزلو,M,,,Hajilou / Royani,Descendant in the Haji Fazlollah Khan Royani branch reconstructed by the archive owner from S0001 Figure 4. Parent in this reconstruction: P0096. The user marked this name with one question mark.,probable,2026-07-18T08:00:00Z,2026-07-18T08:00:00Z
P0116,Ali Khan Gharagozloo,علی خان قراگزلو,M,,,Hajilou / Royani,Descendant in the Haji Fazlollah Khan Royani branch reconstructed by the archive owner from S0001 Figure 4. Parent in this reconstruction: P0096.,confirmed,2026-07-18T08:00:00Z,2026-07-18T08:00:00Z
P0117,Hossein Ali Khan Gharagozloo,حسینعلی خان قراگزلو,M,,,Hajilou / Royani,Descendant in the Haji Fazlollah Khan Royani branch reconstructed by the archive owner from S0001 Figure 4. Parent in this reconstruction: P0096. The user marked this name with one question mark.,probable,2026-07-18T08:00:00Z,2026-07-18T08:00:00Z
P0118,Abdolhossein Khan Farkhari Gharagozloo,عبدالحسین خان فرخاری قراگزلو,M,,,Hajilou / Royani,Descendant in the Haji Fazlollah Khan Royani branch reconstructed by the archive owner from S0001 Figure 4. Parent in this reconstruction: P0096. Farkhari was subsequently accepted by the user as the correct reading.,confirmed,2026-07-18T08:00:00Z,2026-07-18T08:00:00Z
P0119,Ali Mohammad Khan Gharagozloo,علی‌محمد خان قراگزلو,M,,,Hajilou / Royani,Descendant in the Haji Fazlollah Khan Royani branch reconstructed by the archive owner from S0001 Figure 4. Parent in this reconstruction: P0115.,confirmed,2026-07-18T08:00:00Z,2026-07-18T08:00:00Z
P0120,Shafi Khan Gharagozloo,شفیع خان قراگزلو,M,,,Hajilou / Royani,Descendant in the Haji Fazlollah Khan Royani branch reconstructed by the archive owner from S0001 Figure 4. Parent in this reconstruction: P0115.,confirmed,2026-07-18T08:00:00Z,2026-07-18T08:00:00Z
P0121,Gholam Ali Khan Gharagozloo,غلامعلی خان قراگزلو,M,,,Hajilou / Royani,Descendant in the Haji Fazlollah Khan Royani branch reconstructed by the archive owner from S0001 Figure 4. Parent in this reconstruction: P0119.,confirmed,2026-07-18T08:00:00Z,2026-07-18T08:00:00Z
P0122,Sadegh Khan Gharagozloo,صادق خان قراگزلو,M,,,Hajilou / Royani,Descendant in the Haji Fazlollah Khan Royani branch reconstructed by the archive owner from S0001 Figure 4. Parent in this reconstruction: P0120.,confirmed,2026-07-18T08:00:00Z,2026-07-18T08:00:00Z
P0123,Mirza Soltan Gharagozloo,میرزا سلطان قراگزلو,M,,,Hajilou / Royani,Descendant in the Haji Fazlollah Khan Royani branch reconstructed by the archive owner from S0001 Figure 4. Parent in this reconstruction: P0117. The user marked this name with one question mark.,probable,2026-07-18T08:00:00Z,2026-07-18T08:00:00Z
P0124,Najaf Qoli Khan Gharagozloo,نجف‌قلی خان قراگزلو,M,,,Hajilou / Royani,Descendant in the Haji Fazlollah Khan Royani branch reconstructed by the archive owner from S0001 Figure 4. Parent in this reconstruction: P0117.,confirmed,2026-07-18T08:00:00Z,2026-07-18T08:00:00Z
P0125,Abdolrahman Gharagozloo,عبدالرحمان قراگزلو,M,,,Hajilou / Royani,Descendant in the Haji Fazlollah Khan Royani branch reconstructed by the archive owner from S0001 Figure 4. Parent in this reconstruction: P0117.,confirmed,2026-07-18T08:00:00Z,2026-07-18T08:00:00Z
P0126,Heydar Qoli Khan Gharagozloo,حیدرقلی خان قراگزلو,M,,,Hajilou / Royani,Descendant in the Haji Fazlollah Khan Royani branch reconstructed by the archive owner from S0001 Figure 4. Parent in this reconstruction: P0117.,confirmed,2026-07-18T08:00:00Z,2026-07-18T08:00:00Z
P0127,Mohammad Morad Beg Gharagozloo,محمدمراد بیگ قراگزلو,M,,,Hajilou / Royani,Direct child of Abdolhossein Khan Farkhari in the verified Hajilou PowerPoint tree. His descendant group remains attached beneath him.,confirmed,2026-07-18T08:00:00Z,2026-07-31T20:34:00-07:00
P0128,Fath Ali Beg Gharagozloo,فتحعلی بیگ قراگزلو,M,,,Hajilou / Royani,Direct child of Abdolhossein Khan Farkhari in the verified Hajilou PowerPoint tree. No descendants are shown beneath him in that source.,confirmed,2026-07-18T08:00:00Z,2026-07-31T20:34:00-07:00
P0129,Mohammad Vali Beg Gharagozloo,محمدولی بیگ قراگزلو,M,,,Hajilou / Royani,Direct child of Abdolhossein Khan Farkhari in the verified Hajilou PowerPoint tree. No descendants are shown beneath him in that source.,confirmed,2026-07-18T08:00:00Z,2026-07-31T20:34:00-07:00
P0130,Ali Khan Gharagozloo,علی خان قراگزلو,M,,,Hajilou / Royani,Descendant in the Haji Fazlollah Khan Royani branch reconstructed by the archive owner from S0001 Figure 4. Parent in this reconstruction: P0124.,confirmed,2026-07-18T08:00:00Z,2026-07-18T08:00:00Z
P0131,Mohammad Zahir Fath al-Dowleh Gharagozloo,محمدظاهر فتح‌الدوله قراگزلو,M,,,Hajilou / Royani,Descendant in the Haji Fazlollah Khan Royani branch reconstructed by the archive owner from S0001 Figure 4. Parent in this reconstruction: P0124. Both the personal-name reading and the title were marked uncertain by the user.,probable,2026-07-18T08:00:00Z,2026-07-18T08:00:00Z
P0132,Khair Allah Khan Gharagozloo,خیرالله خان قراگزلو,M,,,Hajilou / Royani,Child of Karim Khan Gharagozloo in the verified Hajilou PowerPoint tree.,confirmed,2026-07-18T08:00:00Z,2026-07-31T18:47:00-07:00
P0133,Abdollah Khan Gharagozloo,عبدالله خان قراگزلو,M,,,Hajilou / Royani,Child of Karim Khan Gharagozloo in the verified Hajilou PowerPoint tree.,confirmed,2026-07-18T08:00:00Z,2026-07-31T18:47:00-07:00
P0134,Aman Allah Khan Gharagozloo,امان‌الله خان قراگزلو,M,,,Hajilou / Royani,Child of Karim Khan Gharagozloo in the verified Hajilou PowerPoint tree.,confirmed,2026-07-18T08:00:00Z,2026-07-31T18:47:00-07:00
P0135,Karim Khan Gharagozloo,کریم خان قراگزلو,M,,,Hajilou / Royani,Descendant in the Haji Fazlollah Khan Royani branch reconstructed by the archive owner from S0001 Figure 4. Parent in this reconstruction: P0126.,confirmed,2026-07-18T08:00:00Z,2026-07-18T08:00:00Z
P0136,Mahmoud Khan Gharagozloo,محمود خان قراگزلو,M,,,Hajilou / Royani,Descendant in the Haji Fazlollah Khan Royani branch reconstructed by the archive owner from S0001 Figure 4. Parent in this reconstruction: P0127.,confirmed,2026-07-18T08:00:00Z,2026-07-18T08:00:00Z
P0137,Enayat Allah Khan Gharagozloo,عنایت‌الله خان قراگزلو,M,,,Hajilou / Royani,Descendant in the Haji Fazlollah Khan Royani branch reconstructed by the archive owner from S0001 Figure 4. Parent in this reconstruction: P0127.,confirmed,2026-07-18T08:00:00Z,2026-07-18T08:00:00Z
P0138,Habib Allah Khan Gharagozloo,حبیب‌الله خان قراگزلو,M,,,Hajilou / Royani,Descendant in the Haji Fazlollah Khan Royani branch reconstructed by the archive owner from S0001 Figure 4. Parent in this reconstruction: P0127.,confirmed,2026-07-18T08:00:00Z,2026-07-18T08:00:00Z
P0139,Noor Allah Khan Gharagozloo,نورالله خان قراگزلو,M,,,Hajilou / Royani,Child of Habib Allah Khan Gharagozloo in the verified Hajilou PowerPoint tree.,confirmed,2026-07-18T08:00:00Z,2026-07-31T18:47:00-07:00
P0140,Nasr Allah Khan Gharagozloo,نصرالله خان قراگزلو,M,,,Hajilou / Royani,Descendant in the Haji Fazlollah Khan Royani branch reconstructed by the archive owner from S0001 Figure 4. Parent in this reconstruction: P0138.,confirmed,2026-07-18T08:00:00Z,2026-07-18T08:00:00Z
P0141,Soltan Fath Ali Gharagozloo,سلطان فتحعلی قراگزلو,M,,,Hajilou / Royani,Child of Shir Ali Beg Gharagozloo in the verified Hajilou PowerPoint tree. The exact reading Soltan Fath Ali remains uncertain.,probable,2026-07-18T08:00:00Z,2026-07-31T18:47:00-07:00
P0142,Hasan Gharagozloo,حسن قراگزلو,M,,,Hajilou / Royani,Superseded provisional node from an earlier spreadsheet interpretation. The owner-verified PowerPoint contains no separate Hasan child here. Retained only for audit history and excluded from the canonical graph.,superseded,2026-07-18T08:00:00Z,2026-08-01T09:00:00-07:00
P0143,Shir Ali Beg Gharagozloo,شیرعلی بیگ قراگزلو,M,,,Hajilou / Royani,Descendant in the Haji Fazlollah Khan Royani branch reconstructed by the archive owner from S0001 Figure 4. Parent in this reconstruction: P0118.,confirmed,2026-07-18T08:00:00Z,2026-07-18T08:00:00Z
P0144,Zolfaghar Khan Gharagozloo,ذوالفقار خان قراگزلو,M,,,Hajilou / Royani,Descendant in the Haji Fazlollah Khan Royani branch reconstructed by the archive owner from S0001 Figure 4. Parent in this reconstruction: P0143. The user marked this name with two question marks.,provisional,2026-07-18T08:00:00Z,2026-07-18T08:00:00Z
P0145,Assad Khan Gharagozloo,اسد خان قراگزلو,M,,,Hajilou / Royani,Child of Zolfaghar Khan in the verified Hajilou PowerPoint tree. The earlier provisional Hasan/Assas reading is superseded; the archive owner confirmed Assad Khan.,confirmed,2026-07-18T08:00:00Z,2026-07-31T18:47:00-07:00
P0146,Fath Ali Khan Gharagozloo,فتحعلی خان قراگزلو,M,,,Hajilou / Royani,Descendant in the Haji Fazlollah Khan Royani branch reconstructed by the archive owner from S0001 Figure 4. Parent in this reconstruction: P0144.,confirmed,2026-07-18T08:00:00Z,2026-07-18T08:00:00Z
P0147,Ghasem Khan Gharagozloo,قاسم خان قراگزلو,M,,,Hajilou / Royani,Descendant in the Haji Fazlollah Khan Royani branch reconstructed by the archive owner from S0001 Figure 4. Parent in this reconstruction: P0118.,confirmed,2026-07-18T08:00:00Z,2026-07-18T08:00:00Z
P0148,Nasr Allah Khan Gharagozloo,نصرالله خان قراگزلو,M,,,Hajilou / Royani,Descendant in the Haji Fazlollah Khan Royani branch reconstructed by the archive owner from S0001 Figure 4. Parent in this reconstruction: P0147.,confirmed,2026-07-18T08:00:00Z,2026-07-18T08:00:00Z
P0149,Hossein Ali Khan Gharagozloo,حسینعلی خان قراگزلو,M,,,Hajilou / Royani,Descendant in the Haji Fazlollah Khan Royani branch reconstructed by the archive owner from S0001 Figure 4. Parent in this reconstruction: P0147. The user marked this name with one question mark.,probable,2026-07-18T08:00:00Z,2026-07-18T08:00:00Z
P0150,Aziz Khan Gharagozloo,عزیز خان قراگزلو,M,,,Hajilou / Royani,Descendant in the Haji Fazlollah Khan Royani branch reconstructed by the archive owner from S0001 Figure 4. Parent in this reconstruction: P0147. The user marked part of this name with one question mark.,probable,2026-07-18T08:00:00Z,2026-07-18T08:00:00Z
P0151,Fazl Allah Khan Gharagozloo,فضل‌الله خان قراگزلو,M,,,Hajilou / Royani,Descendant in the Haji Fazlollah Khan Royani branch reconstructed by the archive owner from S0001 Figure 4. Parent in this reconstruction: P0147.,confirmed,2026-07-18T08:00:00Z,2026-07-18T08:00:00Z
P0152,Moosa Khan Gharagozloo,موسی خان قراگزلو,M,,,Hajilou / Royani,Descendant in the Haji Fazlollah Khan Royani branch reconstructed by the archive owner from S0001 Figure 4. Parent in this reconstruction: P0118.,confirmed,2026-07-18T08:00:00Z,2026-07-18T08:00:00Z
P0153,Mohammad Khan Hajilou Gharagozloo,محمد خان حاجیلو قراگزلو,M,,,Hajilou / Royani,Descendant in the Haji Fazlollah Khan Royani branch reconstructed by the archive owner from S0001 Figure 4. Parent in this reconstruction: P0118. The user marked the Hajilou reading with two question marks.,provisional,2026-07-18T08:00:00Z,2026-07-18T08:00:00Z
P0154,Taghi Khan Gharagozloo,تقی خان قراگزلو,M,,,Hajilou / Royani,Descendant in the Haji Fazlollah Khan Royani branch reconstructed by the archive owner from S0001 Figure 4. Parent in this reconstruction: P0153.,confirmed,2026-07-18T08:00:00Z,2026-07-18T08:00:00Z
P0155,Mohammad Hassan Khan Gharagozloo,محمدحسن خان قراگزلو,M,,,Hajilou / Royani,Descendant in the Haji Fazlollah Khan Royani branch reconstructed by the archive owner from S0001 Figure 4. Parent in this reconstruction: P0153.,confirmed,2026-07-18T08:00:00Z,2026-07-18T08:00:00Z
P0156,Farid al-Molk Mirza Mohammad Ali Khan Hamadani Gharagozloo,فریدالملک میرزا محمدعلی خان همدانی قراگزلو,M,,,Hajilou / Royani,Descendant in the Haji Fazlollah Khan Royani branch reconstructed by the archive owner from S0001 Figure 4. Parent in this reconstruction: P0153.,confirmed,2026-07-18T08:00:00Z,2026-07-18T08:00:00Z
P0157,Unnamed child of Mohammad Khan Hajilou,فرزند نامعلوم محمد خان حاجیلو,M,,,Hajilou / Royani,One of four children shown beneath Mohammad Khan Hajilou in the verified PowerPoint. The label is ?? and the exact name is unknown.,provisional,2026-07-31T18:47:00-07:00,2026-07-31T18:47:00-07:00
P0158,Zolfaghar Khan Gharagozloo,ذوالفقار خان قراگزلو,M,,,Hajilou / Jeyhunabadi,Direct child of Haji Mohammad Khan Jeyhunabadi in the user-confirmed family reconstruction.,confirmed,2026-07-31T20:50:00-07:00,2026-07-31T20:50:00-07:00
P0159,Haji Yavar Mohammad Gholi Khan Gharagozloo,حاجی یاور محمدقلی خان قراگزلو,M,,,Hajilou / Jeyhunabadi,Direct child of Haji Mohammad Khan Jeyhunabadi and father of Fath Ali Khan and Sarhang Mohammad Amin Khan.,confirmed,2026-07-31T20:50:00-07:00,2026-07-31T20:50:00-07:00
P0160,Haji Hamze Khan Gharagozloo,حاجی حمزه خان قراگزلو,M,,,Hajilou / Jeyhunabadi,Direct child of Haji Mohammad Khan Jeyhunabadi and father of Haji Sadegh Khan and Haji Ali Khan.,confirmed,2026-07-31T20:50:00-07:00,2026-07-31T20:50:00-07:00
P0161,Fath Ali Khan Gharagozloo,فتحعلی خان قراگزلو,M,,,Hajilou / Jeyhunabadi,Child of Haji Yavar Mohammad Gholi Khan in the user-confirmed Jeyhunabadi branch.,confirmed,2026-07-31T20:50:00-07:00,2026-07-31T20:50:00-07:00
P0162,Sarhang Mohammad Amin Khan Gharagozloo,سرهنگ محمدامین خان قراگزلو,M,,,Hajilou / Jeyhunabadi,Child of Haji Yavar Mohammad Gholi Khan; distinguished by the military rank Sarhang.,confirmed,2026-07-31T20:50:00-07:00,2026-07-31T20:50:00-07:00
P0163,Haji Sadegh Khan Gharagozloo,حاجی صادق خان قراگزلو,M,,,Hajilou / Jeyhunabadi,Child of Haji Hamze Khan in the user-confirmed Jeyhunabadi branch.,confirmed,2026-07-31T20:50:00-07:00,2026-07-31T20:50:00-07:00
P0164,"Haji Ali Khan, son of Haji Hamze Khan",حاجی علی خان، فرزند حاجی حمزه خان,M,,,Hajilou / Jeyhunabadi,Child of Haji Hamze Khan. The parent qualifier distinguishes him from the separate Haji Ali Khan who is a child of Kazem Khan.,confirmed,2026-07-31T20:50:00-07:00,2026-07-31T20:50:00-07:00
P0165,"Unnamed Khan, child of Kazem Khan",خان نامعلوم، فرزند کاظم خان,M,,,Hajilou / Jeyhunabadi,"One of three children of Kazem Khan. The archive owner supplied the reading as ? Khan, so the personal name remains unknown.",provisional,2026-07-31T20:50:00-07:00,2026-07-31T20:50:00-07:00
P0166,"Haji Ali Khan, son of Kazem Khan",حاجی علی خان، فرزند کاظم خان,M,,,Hajilou / Jeyhunabadi,Child of Kazem Khan. The parent qualifier distinguishes him from the separate Haji Ali Khan who is a child of Haji Hamze Khan.,confirmed,2026-07-31T20:50:00-07:00,2026-07-31T20:50:00-07:00
P0167,Sharif Khan Gharagozloo,شریف خان قراگزلو,M,,,Hajilou / Jeyhunabadi,Child of Kazem Khan in the user-confirmed Jeyhunabadi branch.,confirmed,2026-07-31T20:50:00-07:00,2026-07-31T20:50:00-07:00
P0168,Mostafa Gharagozloo,مصطفی قراگزلو,M,,,Hajilou / Amir Nezam Letgahi,"Child of Hossein Qoli Khan Amir Nezam, supplied directly by the archive owner.",confirmed,2026-07-31T21:00:00-07:00,2026-08-01T09:00:00-07:00
P0169,Adel Khan Gharagozloo,عادل خان قراگزلو,M,,,Hajilou / Amir Nezam Letgahi,"Child of Hossein Qoli Khan Amir Nezam, supplied directly by the archive owner.",confirmed,2026-07-31T21:00:00-07:00,2026-08-01T09:00:00-07:00
P0170,Gholam Ali Khan Hesam al-Molk Gharagozloo,غلامعلی خان حسام‌الملک قراگزلو,M,,,Ashiqloo,Son of Zeyn al-Abedin Khan in the reconciled Figure 3/prose Ashiqloo genealogy.,confirmed,2026-08-01T09:10:00-07:00,2026-08-01T09:10:00-07:00
P0171,Mehdi Qoli Khan Gharagozloo,مهدی‌قلی خان قراگزلو,M,,,Ashiqloo,Direct son of Nabi Khan shown in Figure 3. Distinct from the later Mehdi Khan/Amir Tuman under Ahmad Sartip.,confirmed,2026-08-01T09:10:00-07:00,2026-08-01T09:10:00-07:00
P0172,Yahya Khan Gharagozloo,یحیی خان قراگزلو,M,,,Ashiqloo,Child of Ali Qoli Khan Baha al-Molk in Figure 3.,confirmed,2026-08-01T09:10:00-07:00,2026-08-01T09:10:00-07:00
P0173,Manouchehr Gharagozloo,منوچهر قراگزلو,M,,,Ashiqloo,Child of Alireza Khan Baha al-Molk in Figure 3.,confirmed,2026-08-01T09:10:00-07:00,2026-08-01T09:10:00-07:00
P0174,Fath Ali Khan Gharagozloo,فتحعلی خان قراگزلو,M,,,Ashiqloo,Child of Fazlollah Khan in Figure 3.,confirmed,2026-08-01T09:10:00-07:00,2026-08-01T09:10:00-07:00
P0175,Mohammad Shafi Khan Gharagozloo,محمدشفیع خان قراگزلو,M,,,Ashiqloo,"Figure 3 presents him as a son of Abdollah Khan Sarem al-Dowleh. The prose later doubts that Abdollah had male children, so this parentage is retained as disputed.",disputed,2026-08-01T09:10:00-07:00,2026-08-01T09:10:00-07:00
P0176,Ezzat Allah Saremi,عزت‌الله صارمی,M,,,Ashiqloo,Figure 3 descendant of Mohammad Shafi Khan.,confirmed,2026-08-01T09:10:00-07:00,2026-08-01T09:10:00-07:00
P0177,Abdolhossein Khan Gharagozloo,عبدالحسین خان قراگزلو,M,,,Ashiqloo,"Figure 3 presents him as a son of Abdollah Khan Sarem al-Dowleh. The prose later doubts that Abdollah had male children, so this parentage is retained as disputed.",disputed,2026-08-01T09:10:00-07:00,2026-08-01T09:10:00-07:00
P0178,Ali Amiri Gharagozloo,علی امیری قراگزلو,M,,,Amiri branch,Son of Gholamhossein Khan Amiri Gharagozloo P0008 and brother of Dr. Alireza Amiri Gharagozloo P0009. Added from direct archive-owner family testimony; a family-verified photograph A0219 shows him with his father.,confirmed,2026-08-08T00:00:00Z,2026-08-08T00:00:00Z
P0179,Qara Mohammad,قرا محمد,M,,,Hajilou ancestral tradition,"Earliest named ancestor in the Hajilou family tradition preserved by Majmooe Asaar. The source calls him Qara Mohammad and describes him as a remote ancestor (jad-e a’la) of the later Hajilou Gharagozloo branch; it does not establish that he personally used Gharagozloo as a surname or was himself called Hajilou. The transmitted account says he was from the nobility of Turkestan, migrated to Iran amid internal conflict around the early Safavid period and the end of Timurid rule, reached the area later called Tasaran, married the daughter of the local chief Ajam Beg, and remained there. The exact intermediate genealogy connecting him to the later documented Hajilou trunk remains unresolved.",provisional,2026-08-08T00:00:00Z,2026-08-17T00:00:00Z
P0180,Soudabeh Keykavousi,سودابه کیکاووسی,F,,,,Dr. Alireza Amiri Gharagozloo's wife and daughter of SoltanMorad Keykavousi,provisional,Manual Edit,Manual Edit
P0181,Mahrokhzas SamSaam bakhtiar,ماهرخ زاد صمصام بختیار,F,,July 2026,,,provisional,Manual Edit,Manual Edit
P0182,Amirzadeh Khanom Gharagozloo,امیرزاده خانم قراگزلو,F,,,Ashiqloo / Hesam al-Molk,"Daughter of Mohammad-Hossein Khan Hesam al-Molk Gharagozloo P0022; wife of Mahmoud Khan Piran, Enayat al-Molk Hamadani; mother of Akhtar Piran P0183. Her identity and marriage are preserved in family-verified photograph A0240, and her motherhood of Akhtar is confirmed by direct archive-owner testimony based on consultation with older family members.",confirmed,2026-08-22T00:00:00Z,2026-08-22T00:00:00Z
P0183,Akhtar Piran,اختر پیران,F,,,Piran / Amiri maternal line,Daughter of Amirzadeh Khanom Gharagozloo P0182; spouse of Gholamhossein Khan Amiri Gharagozloo P0008; mother of Dr. Alireza Amiri Gharagozloo P0009 and paternal grandmother of archive owner Hossein Gholi Amiri Gharagozloo P0010. Immediate relationships are confirmed by direct archive-owner family testimony.,confirmed,2026-08-22T00:00:00Z,2026-08-22T00:00:00Z
P0184,Masoud Farid Gharagozloo,مسعود فرید قراگزلو,M,,,Hajilou / Royani,"Son of P0156 Mirza Mohammad Ali Khan Farid al-Molk Hamadani Gharagozloo and compiler of Khateraat-e Farid. The book's opening matter names him as compiler, and his introduction explicitly identifies the memoirist as his father.",confirmed,2026-08-22T20:00:00Z,2026-08-22T20:00:00Z
