place_id,preferred_name_en,preferred_name_fa,place_type,parent_place_id,notes
L0001,Hamadan,همدان,province/city,,
L0002,Kabudarahang,کبودرآهنگ,county/town,L0001,Important property center of the Amir Nezam Letgahi family.
L0003,Letgah,لتگاه,village,L0001,Primary center of the Amir Nezam Letgahi family; part of Lalejin district.
L0004,Lalejin,لالجین,district/town,L0001,
L0005,Khuzestan,خوزستان,province,,
L0006,Herat,هرات,city/region,,Location of Mohammad Shah’s Herat campaign.
L0007,Bushehr,بوشهر,port/city,,Persian Gulf port attacked by British forces in 1255 AH.
L0008,Mashhad,مشهد,city,,Burial place of Nabi Khan and other Gharagozloo casualties by order of Mohammad Shah.
L0009,Bandar Lengeh,بندر لنگه,port/city,,
L0010,Dalaki,دالکی,town/river area,,
L0011,Kerman,کرمان,province/city,,
L0012,Laristan,لارستان,region,,
L0013,Bikhuh district,محال بیخو,district,,
L0014,Kermanshah,کرمانشاه,province/city,,
L0015,Gilan,گیلان,province,,
L0016,Kurdistan,کردستان,province,,
L0017,Khuzestan,خوزستان,province,,
L0018,Borujerd,بروجرد,city,,
L0019,Shervin,شروین,village/estate,L0001,Major Gharagozloo residence and estate near Hamadan.
L0020,Tabriz,تبریز,city,,
L0021,Shiraz,شیراز,city,,
L0022,Tehran,تهران,city,,
L0023,Oxford,آکسفورد,city,,
L0024,Europe,اروپا,region,,
L0025,Istanbul,استانبول,city,,
L0026,Paris,پاریس,city,,
L0027,Iran,ایران,country,,
L0028,Baharestan,بهارستان,district,,
L0029,Ouchy,اوشی,locality,,
L0030,Bahar,بهار,town/estate center,L0001,Center of the Naser al-Molk Bahari family.
L0031,Abshineh,آبشینه,village/estate,L0001,Associated with the Baha al-Molk family.
L0032,Sorkhabad,سرخ‌آباد,village/estate,L0001,Early property center of Haji Amanollah Khan Baha al-Molk.
L0033,Zagheh,زاغه,village/estate,L0001,Later property center of the Baha al-Molk family.
L0034,Malayer,ملایر,region/city,,Associated with a regiment commanded in 1268 AH.
L0035,Tuyserkan,تویسرکان,region/city,,Associated with a regiment commanded in 1268 AH.
L0036,Ray,ری,city,,Seljuk and Khwarazmian conflict setting.
L0037,Kahran Fortress,قلعه کهران,fortress,,Fortress near the Aras associated with Tughril III's imprisonment.
L0038,Balkh,بلخ,city/region,,Timurid-Safavid conflict setting.
L0039,Gharjistan,غرجستان,region,,Area in which Amir Jafar Ali Gharagoz served Mohammad-Zaman Mirza.
L0040,Kerman,کرمان,province/city,,Governorship of Ebrahim Khan Gharagozloo in 1129 AH.
L0041,Tabriz,تبریز,city,,Site of resistance to Afghan forces in 1138 AH.
L0042,Zahab,زهاب,region,,Governorship granted to Mohammad-Hossein Khan under the Zands.
L0043,Yazd,یزد,city/province,,Zand-era military operations involving Gharagozloo forces.
L0044,Kohgiluyeh,کهگیلویه,region,,Zand-era mission led by Mohammad-Hossein Khan.
L0045,Qazvin,قزوین,city,,Zand-Qajar conflict involving Gharagozloo forces.
L0046,"Shrine of Seyyed Hamzeh, Tabriz",مزار سید حمزه، تبریز,shrine,L0020,Burial place of Sheikh Mohammad Jafar Khan Majzub Ali Shah according to S0001.
L0047,Fars,فارس,province,,Major area of military and administrative service for Nasrollah Khan Korijani.
L0048,Isfahan,اصفهان,city/province,,Nasrollah Khan was responsible for guarding Isfahan in 1203 AH.
L0049,Qomsheh (Shahreza),قمشه (شهرضا),town,L0048,Area of Nasrollah Khan’s 1203 AH cavalry engagement with Zand forces.
L0050,Shahrizor,شهرزور,region,,Area associated with the 1222 AH mission against Abd al-Rahman Pasha.
L0200,Sarakhs,سرخس,frontier city/region,,Historic northeastern Iranian frontier region discussed extensively in Abdollah Khan's 1294–1296 AH mission reports.
L0201,Naseriyeh Fortress,قلعه ناصریه,fortress,L0200,Qajar frontier fortress at Sarakhs; principal setting of Abdollah Khan's Sarakhs report.
L0202,Old Sarakhs (Sarakhs-e Kohneh),سرخس کهنه,historic settlement,L0200,Older Sarakhs settlement distinguished in the source from Naseriyeh Fortress; described as about one farsakh away.
L0203,Qal'eh Now (Sarakhs),قلعه نو,fort/outpost,L0200,Small river-side outpost above Sarakhs used to protect workers at the water-control works.
L0204,Qal'eh Qassab (Sarakhs),قلعه قصاب,fort/ruin,L0200,Ancient ruined and uninhabited fort described upstream from Sarakhs.
L0205,Qushid Khan Fortress (Sarakhs),قلعه قوشید خان,fort/ruin,L0200,Ruined fortress near Sarakhs associated in Abdollah Khan's account with the Teke leader Qushid Khan.
L0211,Dezful,دزفول,city,L0005,Principal early operational base of the Fadavi Regiment during the Khuzestan mission.
L0212,Shushtar,شوشتر,city,L0005,Major city described in detail by Abdollah Khan; later base for portions of the regiment.
L0213,Shush (Susa),شوش,ancient city/site,L0005,"Ancient ruined city near the shrine of the Prophet Daniel, described on the Dezful corridor."
L0214,Ahvaz,اهواز,city,L0005,Khuzestan city and irrigation/river-infrastructure setting discussed by Abdollah Khan.
L0215,Falahiyah,فلاحیه,town/district,L0005,Lower Khuzestan district and scene of the 1305–1308 AH Fadavi deployment and local political crisis.
L0216,Hoveyzeh,حویزه,town/district,L0005,Town and tribal-political district described extensively by Abdollah Khan.
L0217,Mohammerah,محمره,port city,L0005,"Lower Karun/Shatt al-Arab port city, commercial and military setting in Abdollah Khan's report."
L0218,Govanak (Khuzestan),گوانک,road stage/village,L0005,Intermediate road stage between Dezful and Shushtar; source describes saline water and Bakhtiari Chahar-Lang residents.
L0250,Mecca,مکه,city,,Principal destination of Abdollah Khan's 1319 AH pilgrimage travelogue.
L0251,Jeddah,جده,port city,,Red Sea port used by Abdollah Khan on the Mecca pilgrimage route.
L0253,Alexandria,اسکندریه,port city,,Mediterranean port on the through-ticket route from Istanbul toward Jeddah.
L0254,Suez,سوئز,port city,,Egyptian port and railway terminus on Abdollah Khan's route to Jeddah.
L0255,Ismailia,اسماعیلیه,city/rail stage,,Railway stage noted by Abdollah Khan between Alexandria/Egypt and Suez.
L0256,Baku,باکو,city/transport hub,,Caucasus transport hub in Abdollah Khan's discussion of routes toward Istanbul.
L0257,Tiflis (Tbilisi),تفلیس,city/transport hub,,Caucasus rail route option discussed by Abdollah Khan.
L0258,Batum (Batumi),باطوم,port city/transport hub,,Black Sea route option discussed by Abdollah Khan.
L0259,Sevastopol,سواستوپل,port city,,Northern Black Sea route option discussed by Abdollah Khan.
L0270,Merv,مرو,city/region,,Principal geographic focus of Abdollah Khan's Kitabcheh-ye Merv.
L0271,Tejen,تجن,river/region,,"Tejen River and settlement zone discussed in relation to Teke migration, irrigation and Qarli Band."
L0272,Qarli Band,قرلی بند,dam/irrigation work,L0271,Historical irrigation barrier associated by the source with Araz Khan and agricultural expansion.
L0273,Qushid Khan Fortress,قلعه قوشید خان,fortress,,Fortress near Sarakhs associated with Qushid Khan and later used in the conflict with Mohammad Amin Khan of Khiva.
L0290,Kalat Naderi,کلات نادری,fortified region,,Mountain fortress region surveyed by Abdollah Khan in three distinct reports.
L0291,Darband-e Arghavan Shah,دربند ارغوان شاه,mountain pass/gate,L0290,One of the five principal Kalat entrances; surviving/partly usable defensive works described.
L0292,Darband-e Kashtani,دربند کشتانی,mountain pass/gate,L0290,One of the five principal Kalat entrances.
L0293,Darband-e Chub Mast,دربند چوب مست,mountain pass/gate,L0290,One of the five principal Kalat entrances.
L0294,Darband-e Nafta,دربند نفتا,mountain pass/gate,L0290,One of the five principal Kalat entrances; artillery and defensive works described.
L0295,Darband-e Dehcheh,دربند دهچه,mountain pass/gate,L0290,One of the five principal Kalat entrances.
L0296,Kobud Gonbad,کبود گنبد,settlement/position,L0290,Kalat position where two artillery pieces were reported lying without carriages.
L0311,Darab,داراب,district,L0047,District used by Abdollah Khan as an example of intermediary fiscal capture.
L0313,Qir-o Karzin,قیر و کارزین,district,L0047,Named among khalesegi-style fiscal districts in Fars.
L0314,Behbahan,بهبهان,district/region,L0047,Named among districts discussed in relation to Fars fiscal administration.
